generated_index,candidate_id,prompt_window_id,real_index,activity_name,hand_acc_16g_x_mean_zerr,hand_acc_16g_x_std_relerr,hand_acc_16g_x_range_zerr,hand_acc_16g_x_stats_score,hand_acc_16g_y_mean_zerr,hand_acc_16g_y_std_relerr,hand_acc_16g_y_range_zerr,hand_acc_16g_y_stats_score,hand_acc_16g_z_mean_zerr,hand_acc_16g_z_std_relerr,hand_acc_16g_z_range_zerr,hand_acc_16g_z_stats_score,hand_gyro_x_mean_zerr,hand_gyro_x_std_relerr,hand_gyro_x_range_zerr,hand_gyro_x_stats_score,hand_gyro_y_mean_zerr,hand_gyro_y_std_relerr,hand_gyro_y_range_zerr,hand_gyro_y_stats_score,hand_gyro_z_mean_zerr,hand_gyro_z_std_relerr,hand_gyro_z_range_zerr,hand_gyro_z_stats_score,mean_zerr_avg,std_relerr_avg,range_zerr_avg,stats_score,max_channel_stats_score
291,294,5906,294,running,0.054097980416491824,0.34566788219186745,0.77092898987198,0.31409214301773974,1.0910551932776948,0.5889951585656606,1.7618231977685048,1.0243847802910433,0.020767977363184875,0.18536214452040817,0.8376291471615174,0.2499778781857407,0.3712951802576229,0.18643090584459315,1.5856880469774202,0.5402280438363705,0.22598883606574255,0.5538153381920339,0.8448967524028201,0.48090102018367464,0.13807116406804584,0.06815495910024107,0.3896564197561826,0.1604217332185513,0.31687938857479714,0.32140439806913407,1.0317704256564042,0.46166759978885336,1.0243847802910433
242,244,5856,244,running,0.14095811943065534,0.7769086180257585,1.6033080159112214,0.6878082981648099,0.7379126703429456,0.4918271690025164,1.382887819085073,0.7684734995551994,0.23817580415446832,0.3605480886192688,0.7449978452863663,0.3884891261667681,0.4728980056674613,0.5069307760272399,1.613572811123416,0.7146460749025637,0.4380082426475862,0.07993907418198258,0.3326217653126734,0.2737032797943622,0.010611285071025846,0.013508838981934088,0.3624624270863632,0.08214053503845661,0.33976068788569047,0.37161042747311673,1.0066417806341856,0.48587680227036006,0.7684734995551994
292,295,5907,295,running,0.04192789141347727,0.01565113026086445,0.281538142253654,0.07933923712046749,0.7950106377433191,0.6160297242790715,1.4888443620428533,0.8621850172175269,0.08831067836716536,0.6159572446576805,1.7031008212082546,0.6223273334515893,0.42624340136692634,0.7254317211438053,1.8160391894232917,0.8238778868889511,0.24418269377376525,0.2027090928791612,0.43483300459541474,0.2657233155802535,0.0762915314626993,0.4259424102849853,0.616544973449957,0.3242025713890653,0.2786611390212254,0.43362022058426136,1.0568167488289044,0.49627589360797564,0.8621850172175269
275,278,5890,278,running,0.07458423792517418,0.16474366072226956,0.8838732885222854,0.2725058171634346,0.7749020380719397,0.4372242007986951,1.1700198171742484,0.7188544589831036,1.3954566652460616,0.1914106085318928,1.119417310107586,0.858630371532699,0.4400705863402763,0.7818073035242468,2.1096273416887783,0.9106766242835649,0.03565174318464315,0.07211939060720499,0.17414886516186465,0.07793822654911219,0.13820152589920856,0.13718448171223116,0.2422956772031416,0.1586135384852042,0.4764777994445506,0.2974149409827567,0.9498970499763174,0.4995365061661865,0.9106766242835649
276,279,5891,279,running,0.21724843476809813,0.2293869175017393,1.0561728072867047,0.38988870236527595,1.3050810672530218,0.21659965893662358,2.0726843431787643,1.023209159111611,0.3605929214580141,0.49365179186534625,1.2950144741910425,0.6007007801675528,0.6843040963253343,0.5321038736397005,1.5178244740129951,0.790128082788613,0.1695400556779663,0.09691824140638068,0.2066626797718217,0.14791585478810315,0.004879476045723904,0.06777398183788898,0.2602512278809875,0.08111162872964266,0.4569410085880264,0.2727390775312799,1.0681016677203858,0.5054923679917998,1.023209159111611
200,202,5814,202,running,0.15887756969173314,0.6663376111822059,1.558456811799958,0.6417774347095673,0.713938895945372,0.3082751612175697,1.1167181124168584,0.6322292453485484,0.07524347554832045,0.7994440805333553,1.9480197286741947,0.7394789681675092,0.38669554610357354,0.5015453323280277,1.5236176544079632,0.6600198822542331,0.5226682853586269,0.14547002990290797,0.14360198929624723,0.2959757239638634,0.11704136983747584,0.02841310136497205,0.10365824433638175,0.07891343734825551,0.329077523747517,0.40824755275483976,1.0656787568219337,0.5080657819653295,0.7394789681675092
224,226,5838,226,running,0.04815461129203479,0.05787112524745114,0.5051387341151643,0.14343804143882724,0.5661154198932267,0.5211575097948828,1.312270334703468,0.6973632388159374,0.8507443465742509,0.4244611863747385,1.3515765503805468,0.7803975232557052,0.4998060828095481,0.3789929365826034,1.684797537152205,0.6884791151873016,0.24535536488357848,0.3684011753573781,0.7841867467307959,0.40233996544254186,0.10237825759733567,0.43557350126431804,0.8127456214300814,0.37772982783067777,0.38542568050832915,0.36440957243689537,1.075119254085377,0.5149579519951653,0.7803975232557052
272,275,5887,275,running,0.0902939244976446,0.5060334900985459,1.3431932269765674,0.5071696112337898,1.0382731573867259,0.773136679992799,1.548119246610558,1.0341877842739216,0.12095249430093952,0.3305456813180294,1.3204587866234418,0.44469102757227597,0.48033828176789,0.05745628346797109,1.121700871402548,0.43945800037485405,0.2891591222825387,0.2248429549680211,0.41850923205807,0.28930267731183795,0.1531693973646059,0.48015118693257425,0.9120686866424896,0.43574197104737,0.3620310629333907,0.3953610461296568,1.1106750083856125,0.5250918453023415,1.0341877842739216
237,239,5851,239,running,0.1658662390743068,0.28973834750215083,0.861225004247204,0.3544868354800239,1.0545442478018223,0.3878365027666363,1.7197234004172848,0.9208969803108404,0.056431339718298244,0.22531951141845125,0.7629157915162096,0.26528349875794177,0.6127261976255987,0.6095851236476874,1.8242518956080787,0.8537749076309302,0.13605652307759478,0.6930688932126085,1.1355779059621922,0.5587657477085197,0.13112696849301064,0.16431378434169353,0.40769968881094515,0.1997162388960707,0.3594585859651053,0.39497702714820465,1.1185656144269858,0.5254873681307212,0.9208969803108404
202,204,5816,204,running,0.1076614073479337,0.3240397281768978,1.201543263063804,0.4129891068226934,0.847254899098131,0.15685651189340097,1.403356532446219,0.6823158708858565,0.5312060155302011,0.33554756521232754,1.1462187729192705,0.5759451868808656,0.5029921838839552,0.5200143167129094,1.5791411856349582,0.7250308373657375,0.5233465377491704,0.022845847859437274,0.4500488359100965,0.3084867214254624,0.07988131642341613,0.615040907250627,1.0063665102231871,0.47924219151425473,0.432057060005468,0.3290574795176,1.1311125166995892,0.5306683191491451,0.7250308373657375
195,197,5809,197,running,0.19926267871226502,0.5264584254569317,1.2856285051513348,0.5474141426979456,0.9755818669334715,0.6482579024521621,1.6655586642818851,0.9826476406106306,0.14781028585218114,0.7097649960370439,1.9104869808784368,0.7251275089313773,0.40919437519101354,0.1955538394372249,0.8631411270876015,0.4145275112688157,0.2836740339971529,0.14843940879505493,0.20421653425488612,0.21368868396786037,0.12462766353408666,0.37487978791985904,0.5239699403615468,0.30459696865388763,0.3566918173700285,0.43389239334971275,1.0755002920026153,0.5313337426884196,0.9826476406106306
201,203,5815,203,running,0.44730940992297086,0.4528183424140353,1.2907300475425771,0.6181971104433179,0.969600745687325,0.41874699949333444,1.3378204332477022,0.8229031847218043,0.13408313237312364,0.7113865998148503,1.559735382683186,0.6501349694118268,0.6237197580363734,0.37306093523724204,1.3789460332336543,0.674501483956177,0.3567500934976129,0.15429010073497418,0.46642488169244145,0.29770105403152314,0.052221479833577104,0.19218143392281636,0.15312929509894835,0.12838702452234707,0.43061410322516386,0.3837474019362088,1.0311310122497517,0.5319708045144995,0.8229031847218043
233,235,5847,235,running,0.2376616902033586,0.376693541808772,1.1831545293266927,0.4823729986701908,1.210057934879822,0.3630906911453853,2.164158856235045,1.062091221657092,0.012395741501323554,0.6732261339082085,1.9586656432751255,0.665981878818838,0.44129928809351626,0.09802095024986596,1.1462060708915238,0.44496930951565766,0.19063443958975604,0.34071039770352773,0.697325373758857,0.35200300966908493,0.08544642905998592,0.22914865352355032,0.4837646951240278,0.2225909720582201,0.36291592055462707,0.346815061389885,1.2722125281018786,0.5383348983981806,1.062091221657092
279,282,5894,282,running,0.14669579602162772,0.47721068356015267,0.810188385849699,0.411600269002652,1.3239055116400955,0.3583614302720876,1.931559523643806,1.0592186814936344,0.12771527626507687,0.43228850768537996,1.508727787731261,0.5257470711264349,0.5169197250318779,0.33836390699300983,1.7113012340065925,0.6843736996112736,0.058184825294091164,0.49831449990671434,1.037166987552651,0.43003312759085244,0.15646012274897358,0.07678549244081112,0.13633680985719077,0.12056560804735204,0.3883135428336238,0.36355408680969264,1.1892134547735334,0.5385897428120332,1.0592186814936344
227,229,5841,229,running,0.15071178766557225,0.5068940955799004,1.3141497919700345,0.525872311692196,1.1420105622070071,0.47485630092955805,1.6554422237482103,0.9778351900042681,0.14999960738101753,0.4818171166475522,1.0877277963113463,0.4702722488736972,0.6556849133082443,0.47293967280580607,1.4728582838937958,0.7460214912243793,0.312037503229709,0.4200949812464404,0.8524097995788282,0.46333495370622546,0.02441220267797027,0.07084715228889878,0.09563566550391503,0.05723087508753062,0.40580942941158676,0.40457488658302604,1.0797039268343551,0.5400945117647161,0.9778351900042681
219,221,5833,221,running,0.3244152650657854,0.15111361234240633,0.7818516041643055,0.3465818717961378,1.147912499196752,0.4434060864891068,1.843083955155076,1.0051442253053589,0.3057245393084665,0.40558976484046927,1.5934112994645964,0.6032079815524937,0.7039184529067091,0.08694054004009268,1.5662429664708388,0.6295921904728885,0.09890073157019086,0.6729291579573626,1.191244463528988,0.546980848516819,0.05827691977310518,0.04933350667515399,0.4053665496435267,0.12411748050800901,0.4398580679701681,0.30155211139076527,1.2302001397378886,0.5426040996919511,1.0051442253053589
278,281,5893,281,running,0.6849579722042125,0.020057234998671337,0.2800013519362292,0.3380063532683994,0.9775438428415683,0.5849714357666518,1.5197873458940794,0.9289635806221039,0.020971599961605636,0.6593192026212618,1.577800286879937,0.5876763784091343,0.48543746781360414,0.6567000154611136,2.0974587271138283,0.8763467387326528,0.0964985712567258,0.13439037961043507,0.3896187034790202,0.1702793210426684,0.2720315750826421,0.3870030473388613,0.49736927952626375,0.36308770487385417,0.4229068381933931,0.4070735526328324,1.0603392824715596,0.5440600128248021,0.9289635806221039
260,263,5875,263,running,0.25510662250310895,0.4732527941469828,1.1483772198655844,0.5210192106331536,1.0024591160904577,0.6892375961908648,1.6579198111250424,1.0082626471375375,0.01705589091205454,0.8176592637610811,2.0527767147771057,0.7444414048246755,0.3314322681093412,0.26463542161164466,0.7679861967455703,0.3920243152375084,0.43653951087629933,0.43218133535729836,0.7848816235094185,0.5044646631953228,0.06878099401727399,0.07294065394535333,0.2535843600426366,0.10740553119357826,0.35189573375142263,0.45831784416887084,1.1109209876775596,0.5462696287036293,1.0082626471375375
241,243,5855,243,running,0.6752096747540175,0.5209483450841015,1.1700325233373245,0.7124697126027125,0.9573702922834104,0.28260915779338047,1.6143075356060854,0.8188532871519334,0.6399322980096234,0.5015307476646022,1.1114933536299023,0.6788838889956708,0.5646751474623631,0.3991397365161925,1.3790592219313356,0.6613377979776893,0.05880027418433776,0.29650151808381187,0.3909420584371565,0.22030912859469115,0.1657082455965404,0.16502967506005575,0.36292957186465624,0.2048810826355697,0.5102826553817154,0.36095986336702407,1.00479404413441,0.5494558163263777,0.8188532871519334
228,230,5842,230,running,0.663133345688543,0.6623730146756737,1.7840789397557577,0.8870183320968382,0.7375401603612092,0.8689437275845531,1.7525608777699047,0.9931057307322858,0.7149856047400577,0.2341137380633595,0.9873242540729312,0.5771045879359531,0.5089583792735001,0.08191546386038288,0.7190371812458934,0.38015697350273187,0.3817064569109962,0.11529599574574258,0.2865093298125685,0.25610284702520925,0.11359080824430379,0.24054181442165726,0.41965372703935455,0.22558379447425536,0.519985792536435,0.36719729239189486,0.9915273849494016,0.5531787109612123,0.9931057307322858
277,280,5892,280,running,0.35941881492496885,0.40967416884246605,1.1435532238946853,0.536347838285911,0.7360843996321027,0.470669851770918,1.4243174811749686,0.767565196796202,0.21662761638190986,0.8470955491667439,1.9966756423234218,0.8248243946841459,0.49298736488117895,0.14243601116479612,1.0220707687677122,0.4585835041719325,0.27303230793166194,0.36150829457561634,0.7251191971794009,0.3988400804387915,0.002406868388626113,0.45389807446679076,0.771160351029083,0.33675404734798337,0.3467595620234081,0.4475469916645552,1.1804827773948787,0.5538191769541612,0.8248243946841459
221,223,5835,223,running,0.5853735711616181,0.6201074101851691,1.5908061474794941,0.8003536220346138,0.5599723032218525,0.3606349285183224,1.0757510393871754,0.5833931005735051,0.3105772526556324,0.7650884545367697,2.894634841722933,1.0091932512215476,0.43212768903523857,0.4252410880654743,1.8063780916160783,0.7042231291635008,0.1518639519426406,0.10948318055161084,0.21530994972731793,0.14760084294316417,0.06784623715870595,0.11799398097304505,0.21704028633208197,0.1177441445191168,0.35129350086261474,0.3997581738050653,1.2999867260441802,0.5604180150759082,1.0091932512215476
244,246,5858,246,running,0.4300154945229121,0.7668864887374282,1.6429246700438964,0.8073457273129154,0.7665847218379114,0.4013971832317138,1.6801494100547196,0.8032226440387941,0.37071822800561394,0.15108780586282616,1.148421388895724,0.4384066913265208,0.5425513293092511,0.5956545832769233,2.0857808185436992,0.8724385287432097,0.08183707633280242,0.08749269016602718,0.12818856614870794,0.09336961982927344,0.06398522317395017,0.4030827531789057,0.8074626458645217,0.34831971971404674,0.3759486788637402,0.4009335840756374,1.2488212499252114,0.5605171551607934,0.8724385287432097
247,249,5861,249,running,0.2618307197651908,0.3569504962875322,1.3327756895144045,0.5140676243239701,0.523727254163607,0.48189762131378955,1.13381682829524,0.6290133158500066,0.5680299721163837,0.46645013944650277,1.329396493332211,0.6796713432915968,0.6542040081561564,0.8819819010035945,2.5156957950784538,1.1176135226795911,0.04726838532726541,0.22904867770330609,0.31170852187608566,0.17286852958744575,0.02441882323735432,0.37456730471533906,0.5889766414548308,0.2773897794720435,0.3465798604609929,0.46514935674501073,1.202061661591871,0.5651040192007757,1.1176135226795911
293,296,5908,296,running,0.11032004607193732,0.09449271114628191,0.7033947967877139,0.22260406224483048,1.2873242370794908,0.41217654323969877,2.4471516592791995,1.1692306439835158,0.29738130823623815,0.426439352687513,1.6013731394278214,0.6098028922550648,0.24813325598907018,0.8324278665081685,1.8466514771617653,0.8015547444312485,0.20319015216497252,0.41173477534570296,0.5969847742869581,0.3653669258616618,0.10265142308188806,0.28517037514797755,0.3482534405578198,0.2247794074035102,0.37483340377059954,0.41040693734589045,1.2573015479168799,0.565556446029972,1.1692306439835158
283,286,5898,286,running,0.028811687186860405,0.3377431775252806,0.8080422154729154,0.3082303889794395,0.9916034757772069,0.5675963383571357,1.795401116243593,0.9827601489024558,0.8173821435909587,0.47158455674083044,1.7806539393838265,0.871717468009481,0.561344457332012,0.5232833170257838,1.6615950831269797,0.7661701263685143,0.24844821610784423,0.3220068800261004,0.6194859429352978,0.35207922704063743,0.09513184718035776,0.1633031893213955,0.3426973810983359,0.1719134908203685,0.45712030452920666,0.3975862431660877,1.1679792797101582,0.5754784750201495,0.9827601489024558
199,201,5813,201,running,0.20612150084201097,0.3934690812430923,1.1102744600895145,0.4618911248519443,0.9505425316332695,0.8670946288879073,1.7601565513230066,1.0790861744730722,0.34307599295295227,0.5839248693643719,1.2894958414155147,0.6286995132100326,0.5576363674011343,0.4679201893414682,1.1368920148345474,0.6376010256639505,0.44853488717511386,0.3526524270487111,0.6193692595870406,0.4443487776069381,0.1300231807254086,0.18172366861014652,0.4010540362634011,0.20490954698690228,0.4393224101216482,0.4744641440826163,1.0528736939188377,0.5760893604654733,1.0790861744730722
245,247,5859,247,running,0.735977460940679,0.6678070165216923,1.5144526064395905,0.8644043122728666,0.7536737421934934,0.3762618541512614,1.2110629727208262,0.6941868330820672,0.124603793404732,0.7100432051394945,1.8589666206003739,0.7056521235377654,0.622778860630073,0.3272807797774892,1.3405233171773074,0.6481285195984865,0.30249582647831225,0.10474264030706332,0.3120155789452919,0.22529850250320863,0.016559867641173356,0.4553226278820832,0.6710013378140618,0.32295326577211503,0.4260149252147439,0.4402430206298473,1.1513370722829086,0.5767705927944182,0.8644043122728666
255,258,5870,258,running,0.5278549824864411,0.5591152933623849,1.417849122117636,0.7183579347630576,0.8913633266479593,0.4020054285897716,1.4829099207263985,0.8139294862403721,0.2894689337143488,0.6342885168113476,1.6588503271311996,0.7012730456365185,0.339236362547926,0.42415155804323085,1.4790409797863024,0.6011633641937233,0.42291003058171395,0.05432461365839605,0.2859791855045447,0.24808969479695295,0.18596430831830482,0.3788960443386944,0.7624626060262175,0.3784366622680432,0.4427996573827823,0.40879690913397093,1.1811820235487165,0.5768750313164446,0.8139294862403721
263,266,5878,266,running,0.07283819407250582,0.4390141517972867,1.032365459359768,0.4112140302198707,0.8386583908697615,0.6891739342164845,1.4338009353814472,0.8978931171107878,0.45437375613459946,0.6494019262130863,1.4428914559955803,0.7300885641381905,0.32630390193139897,0.7782701927912473,1.9876519932362737,0.8393600365363132,0.4050850590851423,0.17040770866451196,0.5243299252977978,0.3350630921594213,0.13972071145504325,0.26528262040823486,0.4410370883193575,0.2502087504091828,0.3728300022580752,0.49859175568180863,1.1436794762650373,0.5773045984289611,0.8978931171107878
258,261,5873,261,running,0.21373650384216727,0.38188926662655115,1.075574602879023,0.453365228763292,1.1902971896942227,0.1436464070259658,1.7790004999279823,0.8893775386736719,0.8785902130666204,0.6637218545660715,1.424551565297611,0.901835140112599,0.28595849011056285,0.3225489961643137,1.4432889930215025,0.5320607931142511,0.37800136226887154,0.022563449131375278,0.3260565712123276,0.22543723880256428,0.2622013638774736,0.49083315756247575,0.8651291700045474,0.4742396425768893,0.5347975204766531,0.3375338551794589,1.152266900390499,0.5793859303405446,0.901835140112599
229,231,5843,231,running,0.13258017638783517,0.38719062768007567,1.4234099643034532,0.49259031448785506,0.9316622873486068,0.7190938141949283,1.5693698613614118,0.9741764128896964,0.11036375535150497,0.650349480826965,2.0740407914977017,0.7190934527709283,0.4372413248031156,0.34852715158130615,1.1546237140133322,0.5452321333564352,0.14863565343733134,0.33197801477882516,0.7607460050959718,0.344394668305657,0.08366808563902356,0.46599193735136046,0.9219637177693181,0.40425675275001727,0.30735854716123623,0.4838551710689101,1.3173590090068645,0.5799572890934315,0.9741764128896964
234,236,5848,236,running,0.5021438902661316,0.10903299661507289,0.6952803443966054,0.3835268236318029,0.8905862236085205,0.7578488251237119,1.7537515783657536,1.0101243351660436,0.12472541653764871,0.704718449503485,1.940730804947018,0.7199237074058571,0.5598783804767433,0.2643511386666718,1.0670588491520205,0.5431035774877702,0.17756884703174788,0.27734485543781273,0.601814815243944,0.3023284440366131,0.15088791934711637,0.5907073592412521,1.134258170056292,0.5234897454466058,0.40096511287798475,0.4506672707646677,1.1988157603602723,0.5804161055291155,1.0101243351660436
248,250,5862,250,running,0.4407291492889957,0.3760657619322617,1.524781869424061,0.6316743383733152,0.6012538773992586,0.30634336426323294,1.3613133443473795,0.6353015655344726,0.5774169609069825,0.5397804260253907,1.0884289070129394,0.6645647361755371,0.6452697364602136,0.45257367452577923,1.4346534231956138,0.72606804903352,0.32234854557347387,0.46271279490438527,0.7319931075020619,0.46042315769155606,0.022492985686326024,0.43713321232900926,0.911521007844845,0.36615468077510316,0.4349185425525417,0.4291015389966765,1.1754486098878167,0.5806977545972507,0.72606804903352
217,219,5831,219,running,0.4599146124137072,0.6503560774303472,1.538848964911826,0.7518780689199871,0.8917908241874293,0.6662025268261249,1.5742587967922812,0.938049099763878,0.039469285831736596,0.6884346433953232,1.4876527710701573,0.5886921259048554,0.5431743541408423,0.3604049278102375,1.6770108095477971,0.6968338746899914,0.1119156879034462,0.05200236028850501,0.3412674241322398,0.13382070410322847,0.004776268941846975,0.4795600319789587,0.9219923067648699,0.3781329817212963,0.3418401722365015,0.4828267612882495,1.2568385122031953,0.5812344758505394,0.938049099763878
196,198,5810,198,running,0.3318677165482378,0.49278767101219545,1.5664809657780698,0.6431583481797873,1.1535594165752743,0.6878602811447574,1.8219959145239926,1.1009670619928114,0.7841296312285632,0.2158619882044526,1.2277893434010982,0.645554516453426,0.44504080544207314,0.31516803546919686,1.300452729327902,0.5641740822300885,0.2533400411932938,0.24935834919609737,0.3043819531260829,0.26195574678097305,0.10471639656155901,0.32153273922762776,0.5935425943388662,0.28920817318344794,0.5121090012581668,0.3804281773757212,1.1357739167493353,0.5841696548034223,1.1009670619928114
290,293,5905,293,running,0.30302796300402995,0.49572209735389566,1.0223770890172472,0.5239754419466197,0.7316434704627278,0.2272707152069481,1.2143708906582913,0.6264398523995286,0.10569119585570322,0.5298401193777342,1.3284366819845337,0.5198998624902818,0.5748198398397963,0.41661597069798934,1.9309864576580456,0.7827716157467235,0.2599572608164289,0.6952543317072244,1.309493230083796,0.6439832830262207,0.016211156838713072,0.5955535942625927,0.8697780673292433,0.41866151390637096,0.33189181446956656,0.4933761381010641,1.2792404027885262,0.5859552615859576,0.7827716157467235
274,277,5889,277,running,0.7989495056843195,0.5325872371196173,1.2518470331152054,0.7829841037446159,0.9090211054340216,0.5047884045434906,1.582069489785694,0.8819377019481437,0.8921199940143208,0.14638573412695127,1.4820409886269728,0.7118104889819035,0.5457009359678062,0.47535423239340285,1.6088352645242532,0.7301891202493342,0.03607457054930591,0.32522477585985665,0.8028215242079255,0.30508404340525014,0.11827482828141168,0.0881084001911329,0.22264746046089032,0.12708278348119592,0.550023489988531,0.3454081307057419,1.1583769601201568,0.5898480403017405,0.8819377019481437
250,252,5864,252,running,0.05747898865071233,0.2225953010056742,1.0454887700644786,0.3211274698754504,1.297069557438726,0.5149542974389117,2.137689005499301,1.1523473430509155,0.28093397550353527,0.5319112334848388,1.3143573134206445,0.5880095462794785,0.548476180263065,0.7187667853526167,2.15702571437971,0.9383023291222148,0.36389165346728825,0.1618409808240416,0.47280683393372036,0.30485442050327605,0.04350784098213399,0.34796246351124926,0.40901311998684753,0.23839074579472283,0.4318930327175768,0.4163385102695554,1.2560634595474505,0.5905053091043431,1.1523473430509155
209,211,5823,211,running,0.6836800091442666,0.6540084182100663,1.4914321216688387,0.8333617952755009,1.0904461305154725,0.873368003009891,1.7504220614732697,1.1356100657047994,0.0009638507191727801,0.5475818717612763,1.2963033611491577,0.47867896122201115,0.5221446865769366,0.07734707067062109,0.7039444280506035,0.3805855885091438,0.39501238611990025,0.1973330077090776,0.36364453080051007,0.30966706369169317,0.13872536809501854,0.5169074911820261,0.8000176852563999,0.4222566807620979,0.4718287385284612,0.47775764375715973,1.06762736473313,0.5933600258608744,1.1356100657047994
50,51,5472,51,walking,0.29416996103890986,0.5701371773532363,1.2364083377012758,0.5930045228971137,1.399691627308273,0.23062169130066032,1.2246629086286664,0.8970579091693066,0.35254069106671415,0.13420564341313626,1.067808882704059,0.408260310332752,0.08621864209961354,0.09026257932398239,0.8400197888891325,0.23859644634726487,0.2127478807003467,0.31279549867043765,1.1781801401278673,0.4458533797738872,0.06634000656081408,0.27388544198943354,0.2885872381489452,0.19380762704988808,0.40195146812911187,0.26865133867514773,0.9726112160333246,0.46276336592836875,0.8970579091693066
131,133,5554,133,walking,0.08976020694967404,0.7427336700022446,1.3333347185488291,0.5996644944905333,2.0894445057135296,0.11540900063705106,2.374831589747025,1.3569077204896374,0.052504462164801535,0.34902539666991156,0.4316583758228027,0.24694361869844578,0.004465066718898062,0.10600414935996547,0.598524050421927,0.16389249651593082,0.08926998897547717,0.6845429397196287,1.018181652539364,0.5131615019859153,0.02437477428201251,0.10018640260971713,0.22162560212720012,0.09414959118213188,0.39163650080073215,0.3496502598330864,0.9963593315345247,0.4957865705604324,1.3569077204896374
155,157,5578,157,walking,0.08573217938012985,0.14843145604139957,0.14067246529773442,0.12179994722815865,2.5090221332200975,0.2115776892003455,2.1230958432567366,1.5128590976195246,0.8955205754756282,0.771260541733934,1.3994827609262221,0.9466089990690695,0.08712378465700722,0.009405452941610078,1.248639607715226,0.28833961658249213,0.09882490216335432,0.07031259876238871,0.17213910791094642,0.1020828219524865,0.1479224197221387,0.006447956629171881,0.05671027484100371,0.07309020550872498,0.6373576657697261,0.20290594921814165,0.8567900099913115,0.5074634479934094,1.5128590976195246
42,43,5464,43,walking,0.13435717688061477,0.5668792670160371,1.0964714532711148,0.4997888682128837,2.110826301574707,0.34175449566249433,1.6191435431041856,1.3048610275157175,0.12109531063284071,0.022306144134574248,0.5462193802024826,0.1666044579474625,0.09827049706320148,0.5776766375850484,1.2911530446324142,0.5286094627857828,0.08202491732704617,0.5441500878290084,0.7313153921055808,0.39673308048353795,0.0797833723098777,0.2419292139000594,0.44259456429071997,0.21720394734211884,0.4377262626313812,0.3824493076878703,0.9544828962677495,0.5189668073812506,1.3048610275157175
134,136,5557,136,walking,0.13935129919076233,0.6587648734660367,1.1856354154056705,0.5563735521438538,2.2534428402012625,0.37645539604768125,2.468294870999873,1.5456182686995523,0.09979140561278654,0.11942098757669999,0.35192980157232373,0.15807091759025937,0.19405916333198545,0.6441464548950311,1.7191518932264382,0.6791126259360942,0.06671573397749095,0.12632422076178554,0.46688611431836397,0.1705932047593834,0.09049442690737078,0.10913050814487256,0.3225094740288648,0.14435186882667028,0.4739758115369432,0.3390404068153512,1.085734594925256,0.542353406325969,1.5456182686995523
56,57,5478,57,walking,0.26336025627762105,0.756086904557434,1.5190665711094278,0.7115921785559076,2.16190277165522,0.47398260525441843,2.1079064774976692,1.4759354462633894,0.03152163587095124,0.15508247337672193,0.15045175705995983,0.10473199511106124,0.06322780561018113,0.6318785574258446,1.6646215451100796,0.6109668542364263,0.022989127126406855,0.16005079538652325,0.44279475514052086,0.16177492003327623,0.030080246985625947,0.2686474353408676,0.3623639423953104,0.1919638614096595,0.428846973921001,0.40762146189030163,1.0412008413854947,0.54282754260162,1.4759354462633894
70,71,5492,71,walking,0.2668285234279544,0.7289008438869675,1.5234652819791674,0.7029848033218022,3.2704609808793927,0.12220600464334885,3.0430462058933303,1.9656760353877627,0.1073654646223241,0.08433228053829882,0.4657261374999176,0.16982432556423271,0.13405435015685366,0.04814027521732087,0.49793633579337676,0.17246511730834518,0.05327210691053934,0.09678648159860813,0.4007977098959562,0.14018297738285024,0.09986331774787051,0.15512145218452625,0.4385286185127244,0.18969963167550358,0.6553074572908225,0.2059145563448451,1.0615833815957454,0.5568054817734162,1.9656760353877627
92,94,5515,94,walking,0.06159428382406421,0.7450449332898976,1.643534015149486,0.651362489875482,2.4046417179942607,0.06590101460017143,1.8999341419300213,1.3682039214237771,1.0162534313652918,0.07319805805779518,0.7792486377020631,0.5916303233096474,0.041154961122209864,0.43603616892617775,1.1561619873773052,0.4221088494948161,0.12229462047646637,0.04888049121151609,0.3237594173175707,0.13322192813870715,0.13485810987953575,0.22318965837858765,0.29312987823755443,0.20184508295076026,0.6301328541103047,0.2653750540773577,1.0159613462856667,0.5613954325321984,1.3682039214237771
21,22,5443,22,walking,0.11307803520333153,0.5184990703410717,0.9885276984278558,0.45033638190333247,3.1956993951334405,0.2276016600445741,3.408357750438285,2.050991972158863,0.46801664219651856,0.438183296145775,0.7315802265248736,0.5087960206418922,0.09164228758234887,0.022096129739360485,0.25935930264223916,0.09736722745713157,0.3013379925694959,0.04738490334872545,0.42252587088223165,0.22399433254373485,0.055462336836929346,0.0309031764841711,0.12703295110076948,0.059952795548594076,0.7042061149203441,0.2141113726839463,0.9895639666693757,0.5652397883755914,2.050991972158863
95,97,5518,97,walking,0.3252108660847152,0.7092835108439127,1.329125144076185,0.6796227795866883,2.7988943457259907,0.49653852913496477,2.376034289753059,1.7933800078949942,0.09574174465354762,0.05553134232051022,0.705648020594698,0.20163883890856274,0.001754786523304252,0.37245389193264006,1.3370429154189547,0.4170920544661687,0.16729412215813078,0.06139948607262669,0.4613896326725536,0.18375536982681373,0.06803979531944167,0.2394733533030122,0.1457232783689808,0.1521499151227777,0.5761559434108551,0.3224466856012778,1.059160546814072,0.5712731609676676,1.7933800078949942
90,92,5513,92,walking,0.08212772969241909,0.6319144319479489,1.1972632933171052,0.5250695233195682,2.377560974231788,0.51283770081188,2.1128982050078253,1.5787391110190323,0.2693047675318033,0.198917027027906,0.47480905543991,0.28225052891186575,0.027139235825676306,0.5254900824679477,1.4702315580813587,0.5150980389337214,0.12487111925933951,0.4010086989489679,0.7538968917086522,0.3611313056250534,0.12193658374775238,0.1742521834264063,0.2356888664032352,0.16561328015031052,0.5004900683814631,0.4074033541051761,1.0407979783263477,0.5713169646599252,1.5787391110190323
25,26,5447,26,walking,1.0258232230317674,0.15811940812354452,1.3041292781113358,0.734402908084392,2.5288350629359018,0.5501394751671084,2.5396975695278896,1.739529329146782,0.06925580445125964,0.15450155382325662,0.7169913252429849,0.2329012083584035,0.05551922623685291,0.3756956753059136,1.6171949116912199,0.4959249429553506,0.04854959771124039,0.056274721196818915,0.25871602128517396,0.09367293182025851,0.20430746291391905,0.09958777509209774,0.10523831836780156,0.14260575887596705,0.6553817295468235,0.23238643478478993,1.0903279040377343,0.5731728465401923,1.739529329146782
18,19,5440,19,walking,0.01912972188416276,0.7685648106808026,1.386104660610708,0.5922987451481279,2.9930178140230064,0.0748665973295948,2.8661299808399994,1.8003797607090402,0.012070510122511103,0.0046153097976873265,0.3189137441876493,0.07045707680560924,0.12369756357592261,0.40876557535741725,1.0318955046183642,0.4193643564970088,0.08758222393104792,0.621441424512934,1.3200753975056254,0.5476245388787179,0.0006310321900491963,0.017915439395188703,0.07819351886808212,0.023057292407711583,0.5393548109544499,0.31602819284560413,1.1668854677717382,0.5755302950743693,1.8003797607090402
83,85,5506,85,walking,0.23695531187291438,0.7028631565374729,1.2114312054962997,0.6182136284634149,2.7870075412647797,0.12490475610910812,2.916331945060742,1.7480313079617038,0.6285969554086218,0.4746560559553259,0.8989803663717335,0.6210972778199257,0.1422020326453768,0.25988308621985695,0.6438425428629087,0.28960255611867525,0.11214618156048578,0.11367869345304644,0.29644667417885306,0.14961928484118353,0.061256312523782865,0.11479442841699135,0.12360783101477904,0.09514186257926549,0.6613607225459935,0.2984633627819669,1.0151067608308861,0.5869509862973614,1.7480313079617038
60,61,5482,61,walking,0.05688596502928659,0.6047416622469785,1.2693345799679734,0.5185179669041007,2.356195312405225,0.21862908772059855,2.329765771190572,1.4958829142884438,0.07463543512541164,0.57276914585418,1.1929574934868439,0.49755333108920546,0.11227372661451697,0.1948841182330183,0.5758608506136057,0.23803530806173526,0.24304612148676488,0.3592790635790472,0.6804463356679494,0.37701934115991476,0.31203465650276263,0.3640301973641325,0.9811347893306188,0.4666528994128818,0.5258452028606612,0.38572221249965916,1.1715833033762604,0.5989436268193802,1.4958829142884438
59,60,5481,60,walking,0.5406215300007692,0.839965445524102,1.7447519470620603,0.9011851796223606,1.942743318451965,0.48074816591197994,1.6379030207188694,1.2969771978893518,0.024490357530677808,0.35621154326408516,0.7191652198843602,0.2961138042947773,0.028944740003329115,0.6049993334372351,1.7536691507678823,0.6043114595298023,0.05892670669415024,0.33391499720262674,0.4998611432782719,0.2571089102143652,0.20090772392427675,0.2160623620383391,0.3591800738618226,0.23862404915741087,0.46610572943419465,0.471983641229728,1.1190884259288778,0.5990534334513447,1.2969771978893518
49,50,5471,50,walking,0.37988698866351994,0.7148117891888939,1.826636333693686,0.8032067778797027,1.9735540400017302,0.24193902769833672,3.4955577355473535,1.5853087741894978,0.00952933003485707,0.03154571277898505,0.22799862476817354,0.06202974207917156,0.16674010558592417,0.4638614044763361,1.0377524568264511,0.45979109539019436,0.3825029654380602,0.015312690471521248,0.7107777031215691,0.30128180298814644,0.5084955072200475,0.05986323562481687,0.8235819790267136,0.39205989294328847,0.5701181561573566,0.2545556433731483,1.353717472163991,0.6006130142450001,1.5853087741894978
124,126,5547,126,walking,0.23590573443482235,0.6984815360694532,1.6584532579838833,0.705445559798487,2.7580195278358857,0.05910153215522221,2.4889137959267558,1.6246311831817946,0.615873749184989,0.021487547075640937,1.0322515817254387,0.4613948348493398,0.14397062257451204,0.47439567811453526,1.1368365572459662,0.4747138317248122,0.02727596954286687,0.1994668662799561,0.218902236466334,0.13447758162239598,0.027810156841865937,0.2434983450092409,0.49964526453300206,0.20845245364704318,0.6348092934024904,0.28273858411734143,1.17250044898023,0.6015192408039788,1.6246311831817946
101,103,5524,103,walking,0.11891523159082523,0.7187122149516204,1.7149500916118328,0.6780409969393448,2.475358224781392,0.04446416054354524,2.600582327699586,1.5280454196698923,0.3766836032242526,0.574794393727824,0.9847850996575254,0.5775482187123357,0.011343441493661312,0.5167253035006033,1.314928873519768,0.47421327270165947,0.2624519588973592,0.1369431509691127,0.15083086008534707,0.1899242159636582,0.22627682851934655,0.08356270367890109,0.20212176943645738,0.16436016676659054,0.5785048814178061,0.3458669878952678,1.1613665036684193,0.6020220484589135,1.5280454196698923
35,36,5457,36,walking,0.20935970399437856,0.47782712463650484,0.7211861997037322,0.4191119713930998,3.3497693459818683,0.5521439811376136,2.792317556396244,2.1192288421270415,0.4533944650241132,0.16175057554428632,0.28874029856132155,0.3038060759396241,0.030879136995107193,0.01713814054216653,0.6829405315783846,0.15579501733058643,0.12688040185947808,0.5426532903225784,0.8170018650236583,0.4312138498775543,0.13724361222099374,0.25241104246657575,0.17408385836047902,0.1906786335471236,0.7179211110126564,0.3339873591082876,0.9127117182706366,0.6033057317025049,2.1192288421270415
161,163,5584,163,walking,0.00403261664683773,0.7336507049277489,1.2260244280091297,0.5402782142316607,3.136223087369842,0.007901909181577162,2.134597943663228,1.6845695873532134,0.5648355028141525,0.628370396265792,2.0347793968412207,0.884238239000222,0.09271944763854673,0.3162578872922692,0.9870547137848317,0.36100187672929274,0.007180950417839327,0.07392690733284396,0.2224096078301744,0.0769250646663082,0.06043549324086395,0.11597541166250568,0.28091728565698193,0.12674781909274424,0.6442378496880137,0.31268053611045615,1.1476305626309278,0.6122934668455735,1.6845695873532134
22,23,5444,23,walking,0.03299537036767039,0.6256378381136247,1.1863429222437256,0.5007218678412632,2.701407472448411,0.17016372182010828,2.39745854770436,1.6281201872482798,0.1541277239145326,0.029717169517327904,0.7014680644368996,0.21383157026012414,0.12034204813716602,0.5660455248828943,1.15650399317096,0.5058558278422162,0.2955891213641527,0.1381675982781381,0.36157126501521447,0.24581694085995923,0.1338512643699835,0.6950092803244825,1.3296415408300741,0.5974725260438012,0.5730521667669861,0.37079018882276266,1.1888310555668724,0.615303153349274,1.6281201872482798
57,58,5479,58,walking,0.24445012939720528,0.7788636831960438,1.7230459184009428,0.7539347087174881,1.9494432330775904,0.7350377810967935,1.6972606834205421,1.413244542353862,0.38683438852240487,0.27244205958446754,0.8687206420500184,0.4374547076527527,0.11795063639162161,0.6338786956707486,1.3301095152715576,0.5667536358792596,0.06778823373151975,0.4698454402984783,0.6316135062617687,0.341376170864353,0.10110817255509608,0.246072666766222,0.2021601727457667,0.1793043702776806,0.4779291322792396,0.522690054435459,1.0754850730250993,0.6153446892908994,1.413244542353862
162,164,5585,164,walking,0.08324814576167563,0.7141592386691527,1.2977189145485015,0.5785067366820316,2.832085729698579,0.04173522397696245,2.0792289580686023,1.5653741730839372,0.5939176337119261,0.391161005921159,1.615158805379107,0.7170632169290555,0.08195372147393296,0.25724088971885933,0.8115406213626916,0.2979859687496552,0.062466817100842786,0.5308471795840142,0.7894385637381138,0.39521331142156557,0.16948183438019457,0.09589720719163812,0.1610598763585544,0.13836359190044395,0.6371923136878584,0.338506790843631,1.1256909565759285,0.6154178331277815,1.5653741730839372
123,125,5546,125,walking,0.09861166891319977,0.41358148147042645,0.6567038865756827,0.336218037468587,3.328333196688755,0.4172465049834633,3.1881709870528527,2.135866078079458,0.14359733002095285,0.030957946294470722,0.42528525696525094,0.15487916191921963,0.08893518578579786,0.2069378611088541,0.7870847411326265,0.27576616698438605,0.1546967400116817,0.47463528659690646,0.7068057190153989,0.39309395444651507,0.03659534509595373,0.4695965310349459,0.9887751253766608,0.400231775527692,0.6417949110860569,0.3354926019148445,1.1254709526864122,0.616009195737643,2.135866078079458
103,105,5526,105,walking,0.10140953801236298,0.7866230729484694,1.4359034249504377,0.6423937293744205,2.1400845827741293,0.6024416248582112,1.9077862635972385,1.478567735772384,0.44203686396280933,0.3465757369995117,0.5397494099934896,0.42339492238362636,0.08359163980299128,0.6068317786172056,1.634299377375671,0.6030292428432129,0.2460025976487689,0.28281559961002206,0.5698564057636599,0.3254985600562484,0.23867628552789252,0.12038537513968531,0.4256687448682369,0.22875841324067853,0.5419669179548257,0.45761219802885084,1.0855439377581222,0.616940433945095,1.478567735772384
78,79,5500,79,walking,0.15039051628819422,0.6359221579920501,0.8858705723377402,0.4916991841796458,3.1243929819898355,0.07755959439890682,3.169506312907777,1.9146822931370524,0.06334050426858777,0.2663325574778884,0.7328072070727637,0.2784306661131432,0.12196234594432719,0.34766313578063696,1.11979893815825,0.4118099803216357,0.11282286807861668,0.6741461207579439,1.1958071739693,0.5539490303284842,0.020026632172080602,0.054738230910987555,0.1215269316062618,0.05421133155447963,0.5988226414569403,0.34272696621973564,1.2042195226753487,0.6174637476057402,1.9146822931370524
47,48,5469,48,walking,0.05431157100641077,0.7025875938339519,2.037002785960982,0.7101602231283415,1.504959258246088,0.41109902324034636,1.6899959528601396,1.1044225031666017,0.5809316142318873,0.1007275638222897,1.138945199629585,0.5004527111475878,0.043700880947016886,0.749422997825596,2.290432859733614,0.7753361234557681,0.1640270066027548,0.2998787370136525,0.5035779045585262,0.2862778783582682,0.02411219316031237,0.4234202439303225,0.752108354189647,0.32943464567418335,0.3953404206990783,0.4478560266110265,1.402010509488749,0.6176806808217917,1.1044225031666017
36,37,5458,37,walking,0.2908263864347738,0.4683392020920367,0.8760555051640277,0.4788773364435298,2.8345947629176815,0.09844862676299784,2.7504016273763408,1.72329768134754,0.18498785583378044,0.6413380234261469,1.3198253682626593,0.5944954253565028,0.13587363415792605,0.3330917379100484,0.6811611355644922,0.3238183759400882,0.2783839898782449,0.3689325120713976,0.6049655808342828,0.37991971694671356,0.19558512390200106,0.15202515723121854,0.36153521926741594,0.21135115630677104,0.6533752921874013,0.34369587658230766,1.0989907394115364,0.6186266153901909,1.72329768134754
10,11,5432,11,walking,0.24426897353394472,0.6470687622010068,0.9606795754731204,0.5486710093886047,2.6314562815341276,0.11444633684244009,2.5360077763724176,1.6055626026251106,1.3656371466318766,0.2686532934506734,0.8778935476144154,0.8292948855559032,0.06843717690044322,0.13664086063831327,0.7831159781546615,0.2386544106464349,0.13094508775725933,0.09601322902805862,0.43558953256092725,0.17790123322631263,0.32247338085931126,0.2048970184644727,0.5430813855069664,0.3195644368309069,0.7938696745361606,0.24461991677082748,1.022727965947085,0.6199414297122123,1.6055626026251106
167,169,5590,169,walking,0.014442487080891908,0.6237490574518839,1.1365231374104816,0.4825812452952067,2.744650118734558,0.3982806754789142,2.33817340974176,1.7248069996337412,0.5492202504811196,0.5708541408053494,1.0964282519265707,0.6673154068999018,0.20031806297255836,0.2491490746163201,0.815795518282653,0.342945958692082,0.13112193534620983,0.3876316237779691,0.4483534851275389,0.2971721206751794,0.26092222083780525,0.13765289448993523,0.23388814543236186,0.20620767521756855,0.6501125125755238,0.39455291110339535,1.0115269913202276,0.6201715677356132,1.7248069996337412
121,123,5544,123,walking,0.2383580084701309,0.5548186273304262,0.8664206899120657,0.490554792302636,4.089307160183316,0.32118282059199127,3.0315261184899516,2.3705012160081136,0.2323590300526151,0.11403888285616331,0.24665438141686763,0.18789004144688493,0.20934568567096062,0.11897533344772623,0.9456773613983732,0.3204638799271494,0.13522389614201175,0.3849009336216121,0.39981089150476107,0.2880121102064018,0.05744521950922268,0.0858309125382478,0.056606617519909634,0.06863177632297013,0.8270065000047097,0.2632912517310278,0.9244493433736548,0.6210089693690259,2.3705012160081136
65,66,5487,66,walking,0.17881201939867053,0.6602578273672142,1.3707788644247496,0.6097837115913038,2.5225018468396416,0.6008311693197508,2.271717940303599,1.7036767945244768,0.8048102651656694,0.3551649645080193,0.6839725507792167,0.6007846020253189,0.10698672143991003,0.5839231377670313,1.3314238960419467,0.5426487228911658,0.17398129456161,0.10928661659637115,0.14065922216546314,0.14143900889628508,0.0822710887729287,0.18266388072166384,0.2430214709936182,0.15457828199656065,0.6448938726964051,0.41535459938000846,1.0069289907847656,0.6254851869875185,1.7036767945244768
143,145,5566,145,walking,0.1608385189559108,0.39180777222443164,0.345945254776829,0.2902475674275028,3.449876867835201,0.019840365025534497,2.960165724113806,1.9799200379670556,0.12632033378162272,0.394519889951858,0.4727298558753585,0.302882060668464,0.07407992533568679,0.6487724027414431,1.5318148360855277,0.5955038984479575,0.05613277724742118,0.5081546719406029,0.899039671259019,0.40552291392701345,0.23517630107579757,0.10378713528210512,0.2591858425316289,0.18742254304948686,0.6837374540386066,0.3444803728609959,1.0781468641070282,0.6269165035812467,1.9799200379670556
61,62,5483,62,walking,0.1570268224096698,0.6722653689558578,1.276568193453997,0.5870305152370104,2.9297486954155705,0.028665057226974416,3.028551596912142,1.7890758204394464,0.8924521999759274,0.501621958107533,0.9101968936229011,0.7396690419579643,0.0445968436367939,0.353490330580342,0.822235554215536,0.32368198052996155,0.27940528029501255,0.1117467168376153,0.29875437202900745,0.21621167325885263,0.18207410835935472,0.08883724098920422,0.012233329997152029,0.11081120573885399,0.7475506583487214,0.29277111211625445,1.058089990038456,0.6277467061936816,1.7890758204394464
100,102,5523,102,walking,0.32634974237698244,0.696591896797294,1.6042916900482935,0.7300349936793693,2.7215742401729357,0.6064149565469924,2.8458134939984916,1.9003583774876698,0.10071449047181667,0.154527303649158,0.14221701234336784,0.13054012011706345,0.06488388590633376,0.5663158068465457,1.5672012515095406,0.5659201274030599,0.1669988953326175,0.11439954475174482,0.26189767847771106,0.16493891172928715,0.06682218471613531,0.42404283539673887,0.4399174728334958,0.28432950261184886,0.5745572398294702,0.42704872399807897,1.1435564332018169,0.629353672171383,1.9003583774876698
38,39,5460,39,walking,0.44127354002564406,0.24101435038130992,0.36093832296824413,0.34510282075643045,3.5946798036465832,0.18325060948144267,3.568551147092145,2.224882394669639,0.6588739175863885,0.31571683350785396,0.4109039707833096,0.4720170945943589,0.12330069097195236,0.3173707835637503,1.210051094164855,0.4182788086472521,0.18534079629775374,0.10574040496558465,0.43653832820423855,0.20374014614618308,0.15116849818051586,0.08353078780532434,0.1685508427077664,0.12758988293588938,0.8591062077848064,0.20777062828421097,1.025922284320093,0.6319351912916256,2.224882394669639
7,8,5429,8,walking,0.09263257134186574,0.36101942432684786,0.6090794350232848,0.3032766852721424,1.5726870948506129,0.3310114597825873,2.407638282563031,1.2430070783658864,0.6385474626890207,0.5722693548405013,1.8034291742303614,0.8450125618578812,0.05129164572129471,0.3686406225874948,1.4017245888135978,0.4483178250862354,0.2675685608605355,0.6357121816968982,1.3323967618567003,0.6277916493943136,0.35791667254200626,0.1589228898054191,0.6444702297319874,0.33562987088536766,0.4967740013342226,0.4045959888399581,1.366456412036494,0.6338392784769711,1.2430070783658864
4,5,5426,5,walking,0.13896731967637746,0.7571692677139364,1.7597163826706699,0.7103979114902595,1.9904945993651446,0.284254842577896,1.8768267882313086,1.285265134423478,0.11944587142379193,0.2885291319690215,0.7167525449567167,0.30654051034846874,0.1587836449239006,0.5448804210788881,1.602667640612645,0.6019991545236445,0.12116774548622287,0.7311422089432893,1.3634589952477894,0.6136157808213627,0.26155977732822544,0.3936772698261699,0.1828868066678282,0.2986721801953238,0.4650698263672772,0.49994219035153353,1.2503848597311598,0.6360817786337563,1.285265134423478
51,52,5473,52,walking,0.08164188677689958,0.7060348500394907,1.3311204607250833,0.5812947868715728,1.7915709348645945,0.344459780853943,1.4404584488250807,1.1425039760524311,0.38585190369369243,0.5568177148657513,1.62705681892772,0.7024792112093216,0.14536091375323243,0.527288203596861,1.3692891712731776,0.5429174811946729,0.337128621505879,0.3649146320650083,0.8364209615778259,0.4481014937439201,0.19001805873218444,0.46304639076615206,0.7164724730198679,0.4045202744033082,0.4885953865544137,0.49376026203120116,1.220136389058126,0.6369695372458712,1.1425039760524311
14,15,5436,15,walking,0.0593798003277443,0.6873620164651866,1.275351855605928,0.553767097838358,2.5592277351027737,0.19075160004253305,2.4685789463754166,1.593707523333206,1.0716629802184914,0.22544745670582622,0.9214506134118179,0.7031342974520906,0.03774341574634414,0.29525995829019197,1.0442791729088288,0.3420571841963802,0.08912531823635411,0.08356270056742501,0.3536292446812278,0.1398010564577572,0.1804772812997441,0.6074269137044591,0.8816572539047396,0.4914931287826292,0.6662694218219087,0.34830177429593706,1.157491181147993,0.637326714676737,1.593707523333206
112,114,5535,114,walking,0.09826397666640346,0.6466985948440608,1.2978495394586922,0.5575549364959242,3.718955622826687,0.13325275675226825,3.8304627587621427,2.3069759035840107,0.15311588103081908,0.3692975473988374,0.5118829184671745,0.3113419550652975,0.014917645811664392,0.08924019484786516,0.20043671686456804,0.08175047963672544,0.12965326475384906,0.43754060000477946,0.6459021625952903,0.35605797842250947,0.13799892495211946,0.17803240475589285,0.4318647689470962,0.21278548567262418,0.7088175526735904,0.309010349767284,1.1530664775158275,0.6377444564795153,2.3069759035840107
29,30,5451,30,walking,0.01556053780964627,0.5324627792555671,1.0035081956304848,0.4199109659521823,3.022799103880582,0.37942775144968943,3.1622988975211364,1.993350521636336,0.14199169213604773,0.10999817453372254,0.953850808113244,0.29156610829055696,0.06112719448874032,0.5511595697698967,1.0883606242747441,0.46258683055840366,0.04443227311111944,0.5984915059320159,0.9680970539888292,0.45078892241502,0.2716866376648763,0.0709393051682042,0.4101393932798666,0.21907825578920553,0.5929329065151686,0.37374651435151596,1.2643758288013842,0.6395469341069506,1.993350521636336
156,158,5579,158,walking,0.12774626597483846,0.8532993178213796,1.5275687471917612,0.6979319829568396,3.1382281898867443,0.5083558701432996,2.7254243221162664,2.003718488435271,0.010084519969473606,0.13283920974182561,0.5330001498297824,0.16376952185047616,0.27417500285157786,0.023388864724440465,1.0974367547722457,0.3385128979848565,0.21317120056783134,0.575653240106922,1.0919365262771399,0.5339170815253294,0.03895346618191358,0.04002522008438317,0.3877378319794277,0.10913904090240424,0.6337264409053965,0.35559362043704174,1.227184055361104,0.6411648356091961,2.003718488435271
120,122,5543,122,walking,0.1031225236990266,0.64496448501541,0.8782641896433112,0.4748876414144369,3.7548701126382955,0.4572958220606265,3.1102552043725247,2.306917414754074,0.25121724798781836,0.14056638162517482,0.8553701912205852,0.3277874900893143,0.055157479417841694,0.17050390682356428,0.7253393283233347,0.23533242016122935,0.2186909004025263,0.4566438949271424,0.7359055506039973,0.417315028252667,0.009246748732041949,0.09894417361079566,0.22481125922782175,0.0882386207826994,0.7320508354795918,0.328153110677119,1.0883242872319292,0.6417464359090702,2.306917414754074
24,25,5446,25,walking,0.2862772738094835,0.5815671782730085,1.0939673013478142,0.5659312411025597,2.7687188985909423,0.11040291322711275,2.645952134653476,1.680839151657917,0.49378885527347594,0.5823672973596787,1.4668019633478284,0.7238228537228276,0.08377602288308708,0.44370340285833465,1.494455573473756,0.50988288499132,0.14939795158012326,0.10078734305525329,0.27883962933908685,0.155842043721968,0.06047731809232427,0.2691072924383755,0.46925275113390785,0.2256843944390615,0.6404060533715727,0.3479892378686273,1.2415448922159782,0.6436670949392757,1.680839151657917
28,29,5450,29,walking,0.0010334935999592708,0.6568798550524788,1.336224091092637,0.5304101576795026,2.7609450358557606,0.640120835168496,2.808218457822118,1.9220700399741264,0.14776663502748671,0.07382891860348635,0.5526989039791225,0.19917800224821372,0.15455680765962349,0.2927034672527505,1.449442236860429,0.4687925573370354,0.1679570906380207,0.6101479451081759,0.9977175379724055,0.5107855218929598,0.04687513359205358,0.3318301673115491,0.4181628410768545,0.23511468857681198,0.5465223660621507,0.43425186474948946,1.2604106781339277,0.6443918279514416,1.9220700399741264
133,135,5556,135,walking,0.0013064456392086878,0.6424395465419903,1.1796861051228629,0.4934356178970522,2.3463216543197634,0.136266759463719,1.738742406027658,1.3407838467189246,1.0700860964937544,0.7009339072580263,1.5296914453431698,1.0143462905693463,0.04115302110809127,0.45112687199055646,1.2602448512414814,0.4489609274877554,0.18262111757292313,0.5333477688049043,0.9930989601823663,0.48500734658760425,0.026674756315315684,0.11343899849531433,0.14051138815324682,0.08414777955490138,0.6113605152415094,0.4295923087590851,1.1403291926784642,0.6444469681359306,1.3407838467189246
177,179,5600,179,walking,0.078903179775465,0.6507819922303428,1.3725015645534995,0.5663743817130231,3.2578038516109937,0.23859459080108222,2.966531687348945,1.9918657144346197,1.1052202022612894,0.22304815554880192,0.7053173819645314,0.6723708195169429,0.14606542196858668,0.061039055937002956,0.0842945929092493,0.09970070974408572,0.006044896452783101,0.15117977275531777,0.2572909051101413,0.11434804870526862,0.2975904607648001,0.3710805466869948,0.8349473214274301,0.43445786726620395,0.8152713354723197,0.28262068565992376,1.0368139088856327,0.6465195902300239,1.9918657144346197
175,177,5598,177,walking,0.1717258562893129,0.7695451585272135,1.5092938399271187,0.6783671739120343,2.5367998514186785,0.13881276872928147,1.6881905761464135,1.4078831632884667,1.1077027104273922,0.528288067719364,1.2614167563418475,0.9066796625270721,0.018136862307552275,0.3150543978833777,1.0397421472654567,0.34122493352946337,0.21524500186378892,0.3235946507067294,0.5814496559065743,0.3318257922095222,0.051648141750738244,0.24725820414042696,0.5399648888198404,0.22755551612043418,0.6835430706762438,0.38709220795106547,1.1033429774012085,0.6489227069311654,1.4078831632884667
34,35,5456,35,walking,0.2200954277237756,0.7356792774743158,1.3866474871133283,0.6596393795019022,3.014268725468562,0.08733056141779975,3.0205692936823914,1.8447535734910232,0.7931861185560038,0.6795674944235609,1.1535465184380027,0.8198107488794265,0.04153986159764546,0.03649070733030069,0.7003265170144364,0.17127753097406573,0.1447211766775037,0.21893735558909008,0.3616683552147252,0.21779708394958258,0.30432017622866325,0.009797611573766823,0.28717948875456556,0.18308301287188516,0.753021914375359,0.2946338346348057,1.1516562767029082,0.6493935549446476,1.8447535734910232
81,83,5504,83,walking,0.02772613875496711,0.4829103322147639,0.8336195687414962,0.37097850213619166,3.214238569315742,0.04244042494717773,3.053106892810148,1.9132929762671975,0.8287155754415776,0.22765252208087305,0.5174736388789475,0.5260419667847698,0.07120918848804225,0.5966539947414695,1.5867822302464756,0.5845017193410998,0.05862297450640594,0.43889410171302173,0.580534257030035,0.3151136818937781,0.0985460171802772,0.11918601113191711,0.5601844366177279,0.1991296986484233,0.7165097439478355,0.31795623113820387,1.1886168373874717,0.6515097575119101,1.9132929762671975
102,104,5525,104,walking,0.11145066087753172,0.7997336855558591,1.9352814798632976,0.7515300345460159,2.291737800005778,0.41226647656247145,2.3241125281666686,1.5464242162606334,1.146290254539258,0.40013127868703835,1.1556828689789744,0.8497051870863135,0.12801054593394787,0.3435570071725284,1.202808722047245,0.4291887656520395,0.0562414834044318,0.18785034032850723,0.30522842108964354,0.15868241371110434,0.056981257281520155,0.172292638908733,0.5044234958561984,0.19259425764734095,0.6317853336737446,0.3859719045358563,1.2379229193336714,0.6546874791505747,1.5464242162606334
181,183,5604,183,walking,0.055935970541001044,0.72412728602209,1.4296298984781175,0.5979512823208599,3.706559557973603,0.520064550049511,3.2622671024298966,2.3431030636952253,0.009293265526111316,0.4435931627566998,0.7943522719236521,0.34002502569785487,0.14406483648432458,0.3003030368900598,0.6967504304778239,0.31709723544531854,0.08398890835424222,0.06615889064122511,0.09567503972275845,0.07919412754273863,0.09507375998462703,0.22137292683553342,0.6232420703490004,0.25122708879786426,0.6824860498106515,0.3792699755325199,1.150319468896875,0.6547663039166436,2.3431030636952253
170,172,5593,172,walking,0.2103657801367445,0.696346287061488,1.1523907987744821,0.5931629866341894,3.3805310931729324,0.08329988000317366,3.273968524412803,2.040326094153003,0.12418189550169605,0.44591757775026053,0.7720739688348333,0.38245458306774927,0.25791546636246643,0.23725551458998828,0.6909255558160141,0.3362535035441847,0.2594962079389438,0.10356735306041302,0.26895328955506803,0.19901608231075635,0.15112971286170832,0.44893124608013896,0.7784988513842708,0.39572415385359305,0.7306033593290819,0.3358863097575771,1.156135164796245,0.6578229005939127,2.040326094153003
176,178,5599,178,walking,0.06563335825792972,0.5870743438403353,1.1402721723679425,0.4891375153128945,3.0089896366778146,0.5413365134273667,2.3581519414143393,1.8917608483249404,0.40280503722786204,0.08463035777590275,0.9372944962488461,0.3824330572512752,0.13893967554157163,0.3400993696175765,1.0754766375930223,0.4067109455822637,0.1968307779203387,0.5272686376089015,0.8496195740000245,0.45956368101170103,0.2295542844647475,0.3159508333165053,0.5059724768111864,0.3193965424747384,0.6737921283483773,0.3993933425977647,1.1444645497392267,0.6581670983263022,1.8917608483249404
180,182,5603,182,walking,0.15482182052900223,0.7895983480057627,1.586034420661207,0.6949749515461474,2.8253991699766843,0.12057954004441178,2.5678262929806768,1.691956742604574,1.250939644211666,0.6410181665125175,1.3528029424768435,1.0273437127850422,0.017137689666142535,0.14522731114947604,0.5339199344695562,0.1717299872201587,0.04056809534169763,0.3163724122759607,0.6016090966427842,0.2630980223756202,0.1941871566275146,0.004124550313723925,0.17038677075157865,0.11340203692681114,0.7471755960587846,0.33615338805030875,1.1354299096637743,0.6604175755763922,1.691956742604574
71,72,5493,72,walking,0.00265123740114738,0.7018103605248724,1.3044475651186378,0.5426741521941356,3.108454520375307,0.11410315610305446,2.322816645253803,1.753586399642105,0.1052527949893956,0.44974316922751056,1.0696948559996045,0.43593735688668334,0.2532235694220488,0.3965717250738128,0.9259247636767529,0.44510307053369524,0.17071677402831276,0.5370921277221822,1.026369531671484,0.48839746703449477,0.11505292289652806,0.4005448171484326,0.5691662771016479,0.32007235143831386,0.6258919698521233,0.43331089263331085,1.2030699398036548,0.6642951329549046,1.753586399642105
164,166,5587,166,walking,0.965063843299435,0.05795644656028224,1.480069142502031,0.7052219444442931,2.8175794707555406,0.3587383275025241,2.712647938694322,1.8130567070420902,0.6332045682926768,0.22836906604457854,0.9258504121047233,0.5297995361558469,0.14393194079670243,0.4917477596158598,0.9558313538216567,0.44543815092935624,0.0232745200603992,0.2132644460658834,0.5612121287851994,0.20685801220755295,0.06518252142168704,0.3286470277217885,0.6454015832932383,0.2866121363160379,0.7747061441044067,0.2797871789184861,1.2135020932001952,0.6644977478491962,1.8130567070420902
33,34,5455,34,walking,0.3059111165476369,0.701963403286078,1.4179348171266735,0.6867367713588206,3.230891629531257,0.05395573097587434,3.1287878919767858,1.9396965225982097,0.896513756034616,0.5807508755097494,1.446219706565945,0.8801497939309353,0.07810379307211182,0.05356038131831608,0.5585370527373418,0.1643730803036395,0.13122624700059257,0.13234183295771235,0.23857367874136207,0.1531419677315944,0.010774214287114343,0.25179930431086844,0.35674213781589403,0.17637783500237192,0.7755701260788882,0.29572858805976643,1.1911325474940004,0.666745995154262,1.9396965225982097
64,65,5486,65,walking,0.2948008257801108,0.4293937719105529,0.6278311271903118,0.4152440645143278,3.009695333254409,0.2526692084063627,3.320516431515525,1.969049102967414,0.17090841810754007,0.40256726868609166,1.0645109348474664,0.442292461686946,0.1704785920817455,0.6732355457395981,1.637826765123719,0.6650510081532812,0.11114992011545055,0.1795641122105498,0.3011062187366847,0.1765068566777371,0.21623346592963216,0.3622544778588607,0.5766703555725694,0.34672924862991106,0.6622110925448147,0.3832807308020026,1.254743638831046,0.6691454571049362,1.969049102967414
182,184,5605,184,walking,0.13094410054823916,0.6115297079086304,1.4058179490706497,0.5781531131968778,2.9267053663116136,0.24771603194299016,2.6818149186491556,1.8061315430316727,0.5965762385135148,0.5986969863123414,1.086163535425259,0.6953419970153943,0.10715522990153181,0.44243951064507053,1.3564397813895976,0.4911258524965605,0.2411020166673275,0.35102494368101284,0.6619037482183923,0.3692315337830146,0.00979127789308573,0.0335485660461193,0.29257668317647456,0.07585127421097693,0.6687123716392187,0.3808259577560274,1.2474527693215882,0.6693058856224161,1.8061315430316727
20,21,5442,21,walking,0.06956968806604333,0.7034143650203054,1.3709424683802172,0.5833821149105829,2.498870412744705,0.14960465887592184,2.3432382955016084,1.5280376877485724,1.6029191633719202,0.2410327324724964,1.4138900746620606,1.0203587732701789,0.017451678234940787,0.38222105800225337,1.097915008092025,0.3794520961132827,0.10703460999779937,0.48358206459171865,1.0352421761876311,0.4432951050733335,0.15985643154807486,0.04121971390109907,0.1760075846640457,0.11563197511247872,0.7426169973272473,0.33351243214396575,1.239539267914598,0.6783596253714048,1.5280376877485724
89,91,5512,91,walking,0.20066148891711036,0.6400920705181572,1.1297656022717963,0.5622545442284663,3.152527338940666,0.6901815469814515,2.8335725342369193,2.103798061216231,0.30897877595134987,0.45786292403339546,0.5126143243507009,0.4092595448640383,0.048373582853278536,0.3954394069419899,1.2075080048614346,0.41902679689039435,0.01111299571057121,0.532605800590285,1.2230536098211582,0.46209824048457415,0.0589008024116498,0.1244265373716964,0.22124619314856558,0.11758017454305161,0.6300924974641043,0.47343471440616264,1.1879600447817624,0.6790028937044593,2.103798061216231
58,59,5480,59,walking,0.2787758096143486,0.6710546312520471,1.2302404494191428,0.6259802662303868,2.302223301813516,0.44744229847105443,2.114054911174143,1.522677222348657,1.1873359436619693,0.501952184264601,0.943446081348733,0.8644044674403748,0.1484625656446718,0.2910588802056072,1.1260675839207577,0.4010220951242632,0.20045211549925313,0.5406916770722794,1.1799412869118355,0.5324457744109801,0.03826057091141841,0.13298793371905565,0.4248521894985079,0.1534698397518912,0.6925850511908629,0.43086460083077416,1.1697670837121865,0.6833332775510922,1.522677222348657
110,112,5533,112,walking,0.07859544244815293,0.7239611065537032,1.1788653195808023,0.5567956835169029,2.924841080345936,0.554036437969789,1.9760567072025628,1.7867623487668025,0.8652708038687706,0.08759063109755517,0.6139337591826913,0.5039313258230687,0.10623442360131734,0.4418711245200877,1.6408386007268378,0.5474099393939296,0.27051124421014094,0.4331878896578562,0.9809668215857242,0.4776730178643437,0.2934199628811651,0.171990456828229,0.21491030402009628,0.22914622868777693,0.7564788262259138,0.40210627443787006,1.100928585383119,0.6836197573421374,1.7867623487668025
