candidate_id,window_id,subject_id,activity_id,activity_name,value_0,value_1,value_2,value_3,value_4,value_5,value_6,value_7,value_8,value_9,value_10,value_11,value_12,value_13,value_14,value_15,value_16,value_17,value_18,value_19,value_20,value_21,value_22,value_23,value_24,value_25,value_26,value_27,value_28,value_29,value_30,value_31,value_32,value_33,value_34,value_35,value_36,value_37,value_38,value_39,value_40,value_41,value_42,value_43,value_44,value_45,value_46,value_47,value_48,value_49,value_50,value_51,value_52,value_53
0,5060,108,2,sitting,0.0114,1.2978,-0.0343,0.1041,0.3623,1.1189,0.2164,-0.0432,-0.0261,0.0254,0.0103,-0.0273,-0.0214,0.0005,0.0114,0.024,0.018,-0.0336,0.311,-0.043,-0.553,-0.005,-0.0049,-0.0269,1.3179,0.0052,0.0226,-0.0386,-0.0037,0.0074,-0.1742,-0.0253,-0.0021,-0.0532,-0.0209,-0.011,-0.003,-0.5826,-0.0114,1.4713,-0.0028,-0.0147,0.024,0.3963,0.0019,0.0054,0.0228,0.0083,0.0117,-0.0037,0.0236,-0.0384,-0.0126,0.0021
1,5061,108,2,sitting,0.0043,1.2348,-0.0089,0.1766,0.4064,1.0156,0.3664,0.0114,-0.0109,0.0024,0.0081,-0.0272,-0.0262,-0.0016,0.0037,0.0279,0.0172,0.0008,0.4155,0.0002,-0.5307,-0.0071,-0.0067,0.0272,2.0871,0.0213,-0.0071,-0.0122,0.0133,-0.018,-0.1253,-0.0179,-0.0022,-0.0144,0.0157,0.0128,-0.0036,-0.5247,-0.0097,1.4689,-0.0024,-0.0163,0.006,0.3987,0.01,0.0008,0.0221,0.0056,0.0213,0.0035,0.0216,-0.0337,-0.0107,0.0043
2,5062,108,2,sitting,0.0052,1.3245,-0.0171,0.1806,0.4574,1.317,0.4223,0.0055,0.0068,0.0199,0.0133,-0.0099,-0.0293,0.005,0.0146,0.0257,0.0171,0.0018,0.3075,-0.0226,-0.5275,-0.0047,0.0045,-0.0055,1.1006,-0.0215,-0.0007,-0.0161,0.0201,0.0123,-0.1539,-0.0318,-0.0586,-0.0102,-0.0039,-0.0066,-0.001,-0.3242,-0.0076,1.0532,-0.0096,-0.0114,0.0133,0.3771,0.0106,-0.0024,0.023,-0.004,0.0181,0.0062,0.0258,-0.0362,-0.0111,0.0012
3,5063,108,2,sitting,0.0038,1.2538,-0.0227,0.0773,0.3054,1.048,0.3157,0.017,0.0069,0.0172,0.0117,0.0047,-0.031,-0.0035,0.0122,0.023,0.0181,0.0018,0.4433,0.0054,-0.5736,-0.0022,0.0054,-0.042,2.0133,-0.0214,0.0249,-0.0187,-0.0018,-0.0136,-0.1702,-0.0288,-0.0158,-0.0455,-0.0041,-0.0009,-0.0046,-0.4518,-0.0052,1.4998,-0.0106,-0.0106,-0.0106,0.4696,0.015,0.0075,0.0267,-0.0103,0.018,-0.004,0.0154,-0.0357,-0.0108,0.0025
4,5064,108,2,sitting,0.0022,1.3583,-0.0228,0.1712,0.5149,1.3176,-0.1697,-0.0083,0.0113,0.0015,0.0109,-0.0056,-0.0223,0.0041,0.0089,0.0222,0.0162,0.0016,0.387,-0.0205,-0.5711,-0.0073,0.0028,-0.021,0.9588,-0.0011,-0.0118,-0.0045,0.0045,0.0063,-0.1547,-0.0314,-0.007,-0.0101,-0.0273,0.0028,-0.0063,-0.5376,-0.0094,1.6549,-0.013,-0.0104,0.0245,0.4168,0.0214,0.0075,0.0274,0.0057,0.0194,0.0126,0.0124,-0.0377,-0.0114,0.0034
5,5065,108,2,sitting,0.0043,1.3146,-0.0129,0.1231,0.3482,1.1382,-0.2604,0.0167,-0.0057,0.0232,0.0141,-0.0014,-0.0195,0.0061,0.0046,0.028,0.0155,0.0101,-0.0901,0.0254,-0.4902,-0.0024,-0.0013,-0.0113,1.2237,-0.0219,0.0317,-0.0073,0.0061,0.0033,-0.1873,-0.0138,-0.041,0.0036,-0.0024,0.0146,-0.0021,-0.3446,-0.006,1.6546,-0.0051,-0.0172,0.0087,0.4891,0.0154,-0.0144,0.0136,0.0027,0.0244,0.0008,0.0224,-0.0369,-0.0102,0.0068
6,5066,108,2,sitting,0.0085,1.2455,-0.0172,0.1289,0.3234,1.0358,0.5798,-0.0265,-0.0146,0.002,0.0046,0.0054,-0.0288,0.0049,0.0108,0.0229,0.0179,-0.0067,0.3328,0.0031,-0.5428,-0.0102,0.0022,-0.0125,0.9728,0.012,0.0243,0.0206,0.0013,0.0062,-0.1973,0.0055,-0.0575,0.0035,-0.0132,0.0014,-0.0036,-0.5688,-0.0104,1.6651,0.0003,-0.0183,-0.0057,0.4034,0.0071,0.0048,0.0213,0.0023,0.016,0.0076,0.0158,-0.0345,-0.0106,0.002
7,5067,108,2,sitting,0.0124,1.2842,-0.0116,0.1141,0.3523,1.0432,0.3519,0.0022,0.0074,0.0134,0.0114,-0.0123,-0.0306,0.002,0.0074,0.0294,0.018,0.0008,0.2252,0.0008,-0.4762,-0.0021,0.0017,-0.0461,1.1862,-0.0384,0.0326,0.031,0.0082,-0.0177,-0.1516,-0.0236,-0.0523,0.0127,0.0218,0.0082,-0.0052,-0.3633,-0.0123,1.4717,-0.0132,-0.0083,0.0253,0.4226,0.0024,0.0036,0.0286,-0.0002,0.019,0.0029,0.0183,-0.0359,-0.0132,0.0024
9,5069,108,2,sitting,0.0115,1.2804,-0.0044,0.1666,0.4071,1.0973,-0.414,-0.0113,-0.0106,0.0121,0.007,-0.0133,-0.0326,-0.0008,0.0137,0.0293,0.0181,0.0128,0.4773,0.0031,-0.5507,-0.0019,-0.0033,-0.0237,1.1527,-0.0036,0.0085,0.0251,0.0286,-0.022,-0.1626,-0.0233,-0.032,-0.0202,-0.0207,0.0117,-0.0054,-0.3501,-0.009,0.7891,0.0002,-0.0187,-0.009,0.404,0.0096,-0.0027,0.0226,-0.0027,0.0194,0.0056,0.0133,-0.0374,-0.0123,0.0045
10,5070,108,2,sitting,0.022,1.1817,-0.0036,0.2313,0.6428,1.2029,-0.0663,0.028,-0.0101,0.0089,0.0046,-0.0102,-0.0198,0.0052,0.0078,0.0297,0.0227,0.0001,0.3773,0.0065,-0.5671,0.0017,0.0065,0.0055,0.8963,0.0105,-0.018,-0.0121,-0.0123,0.0043,-0.1653,-0.0198,-0.0095,-0.0185,-0.0166,-0.0234,-0.0034,-0.5434,-0.0106,1.4435,0.004,-0.014,0.0122,0.5162,0.0122,0.0111,0.0272,-0.0059,0.0202,-0.0072,0.0266,-0.0342,-0.0137,0.0037
11,5071,108,2,sitting,0.0037,1.2886,-0.0161,0.2235,0.3429,1.053,0.407,-0.0103,-0.0021,0.0154,0.0103,-0.0135,-0.0198,0.0002,0.0087,0.0265,0.0182,-0.0043,0.3264,-0.0177,-0.5512,-0.0015,-0.0036,-0.0201,1.2186,-0.0038,-0.0274,-0.0074,-0.0105,0.003,-0.1899,-0.0184,-0.025,-0.004,-0.0054,-0.0017,-0.001,-0.5851,-0.0051,1.4785,-0.0122,-0.0065,0.0126,0.4041,0.0047,-0.0008,0.0279,-0.0012,0.0276,0.0138,0.0213,-0.0367,-0.0122,0.0021
12,5072,108,2,sitting,0.006,0.1441,-0.0242,0.2249,0.3289,1.0403,0.099,-0.0041,-0.0201,0.019,0.0096,-0.0049,-0.0268,-0.0053,0.0163,0.024,0.0204,-0.0121,0.3045,-0.0278,-0.5823,0.0024,0.0026,0.0374,1.1834,0.0088,0.0019,0.0205,0.004,0.0177,-0.1387,-0.0327,-0.037,-0.013,0.0047,0.008,-0.0031,-0.5905,-0.0044,1.493,-0.0114,-0.007,0.0077,0.3502,0.0028,0.0077,0.0131,-0.0018,0.0246,-0.0048,0.0215,-0.0357,-0.0115,0.0029
13,5073,108,2,sitting,0.0002,1.2347,-0.0125,0.0333,0.3123,0.8385,-0.0984,-0.0018,-0.0132,0.02,0.0145,0.0038,-0.0267,-0.0002,0.0095,0.023,0.0174,0.0053,0.1375,0.0023,-0.523,0.0046,-0.0033,0.0154,0.8174,-0.004,0.0041,0.0212,-0.0167,0.007,-0.1453,0.0076,-0.0265,-0.0027,0.0137,0.0161,-0.0052,-0.3183,-0.0047,1.448,0.0004,-0.0198,-0.0031,0.4001,0.0087,0.0167,0.019,0.0031,0.0278,0.0014,0.0237,-0.0341,-0.0115,0.0063
14,5074,108,2,sitting,0.0102,1.2627,-0.0243,0.184,0.3906,1.1172,0.4012,-0.0008,0.0053,0.0237,0.0174,-0.0065,-0.0144,-0.001,0.0073,0.0332,0.018,0.0111,0.3472,0.0047,-0.5389,-0.0007,0.0006,0.0131,1.1817,0.0152,-0.0117,-0.0103,0.0061,0.0088,-0.1674,-0.0265,-0.038,-0.0079,-0.0144,-0.0001,-0.0015,-0.5094,-0.008,1.6457,-0.0107,-0.0048,0.0142,0.9455,0.0036,0.0047,0.0331,0.0033,0.0084,0.0081,0.0182,-0.0347,-0.0104,0.0056
15,5075,108,2,sitting,0.0031,1.2745,-0.0251,0.0505,0.1147,0.4185,-0.1951,-0.0106,-0.0066,0.0153,0.0031,-0.001,-0.0257,-0.0011,0.0105,0.0297,0.0222,0.02,0.2957,-0.0233,-0.4897,-0.014,-0.0005,-0.0332,1.085,-0.0323,0.0097,0.0211,0.0188,-0.032,-0.158,-0.0276,-0.0371,-0.0305,0.006,0.0162,-0.0022,-0.5181,-0.0113,0.8472,-0.01,-0.0113,0.006,0.4574,0.0035,0.0118,0.0247,0.0108,0.0204,0.0071,0.0255,-0.0346,-0.0106,0.0039
16,5076,108,2,sitting,0.0015,1.2864,-0.0027,0.0541,0.2152,0.6934,0.3388,0.0021,0.004,0.0086,0.006,-0.0149,-0.0216,0.0047,0.0117,0.0237,0.0153,-0.0156,0.3728,-0.0187,-0.4691,-0.0056,-0.001,-0.0118,1.0357,-0.0326,-0.0021,0.0025,0.0136,0.0035,-0.1505,-0.0349,-0.0167,-0.0054,-0.0142,0.0014,-0.0005,-0.3364,-0.0074,1.4341,-0.0151,-0.0092,0.0093,0.4122,0.0144,0.0061,0.0208,0.0082,0.0043,0.0101,0.0283,-0.0362,-0.0126,0.001
17,5077,108,2,sitting,0.0004,1.2357,-0.0245,0.0771,0.2243,0.6858,0.2934,-0.0005,-0.0135,0.013,0.0125,-0.0081,-0.0266,-0.0006,0.0083,0.0275,0.0182,-0.0006,0.2088,0.0145,-0.5779,-0.0164,-0.0046,0.0125,1.0025,0.0224,-0.0179,-0.0254,-0.0354,0.0026,-0.1587,0.0061,-0.0461,-0.0246,-0.0072,-0.0021,-0.0011,-0.3307,-0.0104,0.7816,-0.0116,-0.0071,0.0063,0.4418,0.0029,0.0081,0.0302,0.0069,0.0264,0.0013,0.0194,-0.0363,-0.0106,0.0058
18,5078,108,2,sitting,0.0018,1.3408,-0.0218,0.1009,0.2836,0.9949,0.1246,-0.0167,-0.0206,0.0034,0.0099,0.0041,-0.0328,0.0017,0.0093,0.0271,0.0186,0.0004,0.24,0.0125,-0.4639,-0.0063,0.0036,0.0117,1.0535,0.0012,0.0169,0.0233,0.016,-0.0173,-0.1895,-0.0242,-0.048,-0.0366,-0.0162,0.0088,-0.0005,-0.3272,-0.0107,0.8594,0.0051,-0.0169,0.0052,0.357,0.0234,0.009,0.0229,0.0075,0.0186,0.0016,0.0183,-0.0366,-0.0137,0.0057
19,5079,108,2,sitting,0.0056,1.2772,-0.0143,0.1308,0.3935,1.2872,0.1071,0.014,-0.0107,0.026,0.0185,-0.0026,-0.0316,-0.001,0.0121,0.0283,0.0191,-0.012,0.4436,-0.0212,-0.4866,0.0009,-0.0024,-0.0163,1.0057,-0.0342,-0.0222,-0.001,0.006,0.0121,-0.1988,-0.0281,-0.003,-0.0408,-0.0035,-0.0143,-0.0006,-0.5107,-0.0078,0.7307,0.0018,-0.0154,0.0053,0.5244,0.0085,0.0064,0.0243,0.0122,0.013,-0.0047,0.023,-0.0354,-0.0113,0.0045
20,5080,108,2,sitting,0.022,1.2328,-0.0354,0.1057,0.3135,1.0786,0.2731,-0.0358,-0.0274,0.0276,0.0014,0.0088,-0.0262,0.0058,0.0144,0.0261,0.0162,-0.0421,0.2653,-0.0034,-0.4604,-0.004,-0.0074,0.0019,1.1296,0.007,-0.0137,-0.0428,-0.0012,0.0047,-0.1776,-0.0262,-0.0644,-0.0241,-0.0231,-0.0337,-0.0001,-0.3488,-0.0112,1.4714,-0.0096,-0.0143,-0.0061,0.5174,0.0184,0.0041,0.0151,0.0082,0.0342,-0.0063,0.0171,-0.037,-0.0119,0.0036
21,5081,108,2,sitting,0.001,1.28,-0.0195,0.042,0.3206,1.0979,0.3937,0.0087,0.0137,0.0117,0.0072,-0.0283,-0.0329,0.0041,0.0122,0.0258,0.024,-0.0206,0.3085,-0.0014,-0.5394,-0.0066,-0.0003,0.0082,1.2009,0.0283,-0.0107,0.0113,-0.0175,0.0081,-0.1848,-0.0363,-0.0403,-0.0286,0.0002,0.0103,-0.0032,-0.3604,-0.0055,0.7799,-0.0117,-0.0046,0.009,0.4647,0.0052,0.0045,0.0307,0.0019,0.016,0.003,0.0168,-0.0356,-0.01,0.0028
22,5082,108,2,sitting,0.0102,2.3689,-0.0244,0.1572,0.4924,1.3176,0.4012,-0.02,0.006,0.0206,0.0092,-0.0145,-0.0264,0.0026,0.0111,0.028,0.0158,0.0014,0.349,0.0101,-0.4675,-0.0003,-0.0072,0.0087,0.8176,0.0107,0.0001,0.0039,-0.0108,0.0045,-0.1787,-0.0113,-0.0161,-0.0277,0.0148,-0.0081,-0.0062,-0.3406,-0.0105,1.0752,-0.0064,-0.0188,-0.0172,0.4489,-0.0019,0.002,0.0274,0.0041,0.0098,-0.0003,0.0223,-0.0355,-0.0105,0.0053
23,5083,108,2,sitting,0.0026,1.295,-0.0168,0.1749,0.3164,1.0438,-0.218,0.0065,-0.0083,0.0095,0.0052,0.0018,-0.0268,0.0004,0.0088,0.0274,0.021,-0.0082,0.3809,0.0147,-0.5187,-0.0053,-0.0035,-0.0051,1.1486,0.0184,0.0331,-0.0266,-0.0016,0.0147,-0.1664,0.0156,-0.0631,-0.047,-0.0284,0.0056,-0.0021,-0.3488,-0.0075,1.445,-0.0105,-0.01,0.0077,0.3667,0.0052,0.0147,0.0301,0.015,0.0174,0.0035,0.0283,-0.0346,-0.011,0.0055
24,5084,108,2,sitting,0.0116,2.4244,-0.0064,0.1278,0.2942,0.7843,1.061,0.0075,-0.0314,0.0422,0.0019,-0.016,-0.0118,-0.0014,0.0096,0.0319,0.0203,0.0053,-0.4517,0.0018,-0.4489,-0.0026,0.0014,0.012,0.9736,0.024,0.0012,0.007,-0.0112,-0.0121,-0.1492,-0.0081,-0.0242,-0.0085,-0.0032,0.0126,-0.0007,-0.5775,-0.0126,0.7815,0.0012,-0.0193,-0.0067,0.4646,0.0188,0.007,0.0298,0.0162,0.0307,-0.0051,0.0266,-0.0356,-0.0124,0.0047
25,5085,108,2,sitting,0.0106,1.1893,-0.0126,0.2122,0.3677,1.1736,-0.1632,-0.0174,-0.008,0.0154,0.016,-0.0125,-0.0305,0.0015,0.0117,0.0251,0.0183,-0.0075,0.3003,-0.0343,-0.4943,0.0004,0.0062,0.0046,1.0572,0.0145,-0.0288,0.0206,0.0143,0.0005,-0.1788,-0.0305,-0.0473,-0.0553,-0.0091,0.0051,-0.0012,-0.3021,-0.0108,1.4461,-0.0116,-0.0117,-0.0073,0.3301,0.0089,-0.007,0.0244,0.006,0.0163,0.0135,0.0147,-0.0348,-0.0112,0.0062
26,5086,108,2,sitting,0.001,1.2733,-0.0085,0.0418,0.3134,0.975,0.3624,0.0026,0.0152,0.022,0.0131,-0.0098,-0.0298,0.0021,0.0123,0.0253,0.0196,0.0027,0.169,0.0103,-0.5496,-0.002,0.0019,-0.0124,1.2027,0.0146,0.0168,0.0124,0.0148,0.0056,-0.1558,-0.0277,-0.042,-0.0023,0.008,0.0111,-0.0046,-0.5128,-0.0044,1.4527,0.0014,-0.0189,0.0013,0.4189,0.0171,0.0093,0.0363,0.0078,0.0303,0.0034,0.0144,-0.0356,-0.0101,0.0035
27,5087,108,2,sitting,0.0013,1.3324,-0.012,0.1428,0.4603,1.2121,0.4591,0.0145,-0.0128,0.0139,0.0095,-0.0141,-0.0281,0.0057,0.0122,0.0247,0.0173,-0.0072,0.4689,-0.0124,-0.4929,-0.0025,-0.0006,-0.0314,1.0465,0.0275,-0.0146,-0.0039,-0.0135,-0.0069,-0.1407,-0.035,-0.0571,-0.0134,-0.0261,0.0024,-0.0047,-0.5752,-0.0041,1.4401,-0.0048,-0.0126,0.0051,0.9113,0.0093,0.008,0.0307,-0.001,0.0152,0.0013,0.0211,-0.0364,-0.011,0.0044
28,5088,108,2,sitting,0.0121,1.3443,-0.0158,0.1191,0.3431,1.0667,-0.0992,0.0255,-0.0322,0.0056,0.0134,0.0023,-0.0258,0.0069,0.012,0.0267,0.0239,0.0175,0.1663,0.0037,-0.5436,0.0007,0.0042,0.0103,1.1837,0.011,-0.0017,-0.0164,-0.0264,0.0032,-0.183,-0.0343,-0.0106,0.0138,0.0185,0.0076,-0.0047,-0.6692,-0.008,0.7745,-0.0106,-0.0082,0.0066,0.4406,0.0133,0.0088,0.031,0.0062,0.0122,0.0013,0.0131,-0.037,-0.0104,0.0052
29,5089,108,2,sitting,0.0113,1.2953,-0.0087,0.0906,0.3108,1.018,0.2688,0.034,-0.02,0.0021,0.0042,-0.024,-0.0229,0.0037,0.013,0.027,0.0152,-0.0233,0.1436,-0.018,-0.5231,-0.0016,0.0003,-0.0327,0.9343,-0.0018,-0.0177,-0.008,-0.0162,-0.0114,-0.1568,-0.0156,-0.0257,-0.0235,-0.0075,0.0007,-0.0045,-0.3208,-0.0095,0.7469,0.0041,-0.013,0.0044,0.3909,0.0066,0.0074,0.0246,0.0089,0.0124,0.0141,0.0159,-0.0371,-0.0087,0.0057
31,5091,108,2,sitting,0.0068,1.2851,-0.0084,0.1378,0.3307,0.9949,-0.458,0.0109,-0.0026,0.0143,0.0149,-0.011,-0.0289,0.0032,0.0067,0.0283,0.0223,0.0018,0.2432,0.0017,-0.5402,-0.0108,0.0021,0.0084,0.9627,-0.0063,-0.0404,0.0443,0.0143,0.0081,-0.1677,-0.0276,-0.0377,0.0158,0.0041,0.0017,-0.0032,-0.3303,-0.0039,0.7858,-0.0153,-0.0133,0.004,0.3624,0.0074,-0.0017,0.0289,0.0054,0.0197,0.0052,0.0243,-0.0379,-0.0118,0.0033
32,5092,108,2,sitting,0.0073,2.2496,-0.0186,0.0136,0.2479,0.8361,0.5405,0.0016,-0.0134,0.0111,0.0094,0.0022,-0.0246,0.0058,0.0103,0.0283,0.0162,-0.0132,0.2783,0.0044,-0.5202,-0.0073,-0.0016,0.0128,1.2155,0.0142,-0.0092,0.0111,0.0135,-0.0123,-0.1969,0.0077,-0.013,-0.0305,-0.0057,0.0087,-0.0064,-0.3509,-0.0117,0.7544,-0.0127,-0.0061,0.004,0.2272,0.0123,0.0067,0.0128,0.0082,0.0277,0.0077,0.0276,-0.0338,-0.0125,0.0054
33,5093,108,2,sitting,0.007,1.3349,-0.0171,0.0555,0.2209,0.7551,-0.2417,0.0284,-0.0024,0.0236,0.0088,-0.0003,-0.0292,-0.0016,0.0136,0.0273,0.0179,0.0242,0.2749,0.003,-0.4693,-0.011,0.0007,-0.0033,1.032,0.0031,0.0149,0.0052,-0.0265,0.0032,-0.1887,-0.0323,-0.068,-0.0033,0.0025,-0.0016,-0.0036,-0.3241,-0.0056,0.7671,-0.0101,-0.0159,0.0045,0.4236,0.0065,-0.0004,0.0215,0.0079,0.0179,0.0064,0.0209,-0.0351,-0.0095,0.0032
34,5094,108,2,sitting,0.0134,2.2883,-0.0335,0.1409,0.5157,1.3631,1.0088,0.0322,0.0068,0.0284,0.0185,-0.004,-0.0253,0.0061,0.0109,0.0239,0.0165,0.002,0.1577,-0.0348,-0.4799,-0.0039,0.0014,0.0218,1.0827,0.007,-0.0413,0.0373,-0.0248,0.0001,-0.1579,-0.0377,-0.0665,0.0142,-0.0354,0.0105,-0.0063,-0.5841,-0.0101,0.7308,-0.009,-0.0128,0.0089,0.4395,0.0171,0.0101,0.0219,0.0017,0.0193,0.0046,0.0284,-0.0377,-0.0125,0.0026
35,5095,108,2,sitting,0.0045,1.2957,-0.021,0.1619,0.3933,1.0097,-0.1861,-0.0009,0.0021,0.019,0.0159,-0.0057,-0.0183,0.0011,0.0113,0.0289,0.0185,-0.0088,0.2616,-0.0156,-0.571,-0.0106,-0.002,-0.001,1.0166,-0.0076,0.0165,-0.0364,0.0103,-0.0017,-0.1433,-0.0092,-0.007,-0.0098,-0.0144,-0.0073,-0.0078,-0.3239,-0.0118,0.7777,-0.0106,-0.0117,-0.0115,0.3286,-0.001,0.0021,0.0327,-0.0013,0.025,-0.0135,0.0225,-0.035,-0.0127,0.0017
36,5096,108,2,sitting,0.0248,1.3675,-0.0364,0.1509,0.4244,1.1761,-0.1994,-0.0353,-0.0105,0.0089,0.0136,-0.0281,-0.0257,-0.0051,0.0111,0.028,0.0193,0.0069,0.4072,-0.0203,-0.5338,-0.0045,0.0053,0.0171,1.2329,0.0283,-0.0427,0.0224,0.0031,-0.0052,-0.1643,-0.0358,-0.0292,-0.0061,0.0061,0.0105,-0.002,-0.3085,-0.007,0.7691,0.0006,-0.0127,-0.0126,0.3633,0.0142,0.006,0.019,0.0054,0.0056,0.0033,0.0231,-0.0366,-0.0098,0.0043
37,5097,108,2,sitting,0.0016,1.2869,-0.0193,0.089,0.2858,0.9725,0.3222,-0.0177,-0.0228,0.0169,0.0106,-0.0151,-0.0295,-0.0032,0.0105,0.0247,0.0181,0.0018,0.4172,0.0007,-0.577,-0.0049,0.0015,-0.0184,1.1461,-0.0127,0.0146,0.0081,0.0204,-0.0283,-0.1898,-0.0297,-0.0353,-0.0044,-0.0055,0.0092,-0.005,-0.3377,-0.005,0.8321,-0.0043,-0.0148,-0.0082,0.3193,0.0184,0.0016,0.0143,0.0044,0.0241,-0.004,0.0216,-0.0339,-0.0113,0.0045
39,5099,108,2,sitting,0.0042,2.3718,-0.0312,0.1021,0.3359,0.9775,0.1738,0.0176,0.0022,0.0023,0.0217,-0.0017,-0.0313,0.0012,0.0061,0.0225,0.0175,0.0135,0.3239,-0.008,-0.5109,-0.0011,-0.0041,-0.0326,1.093,-0.0407,0.0215,0.0082,0.0032,-0.0027,-0.1891,-0.0363,-0.0342,-0.0377,-0.0144,0.0105,-0.0067,-0.3472,-0.0064,0.7802,-0.0089,-0.0149,0.0127,0.4401,0.0183,-0.0026,0.0273,0.0059,0.022,0.0026,0.0216,-0.0348,-0.0111,0.0019
40,5100,108,2,sitting,0.0028,1.3411,-0.015,0.0382,0.2734,0.8377,0.1735,-0.0248,-0.02,0.0098,0.0146,-0.0053,-0.0355,0.0006,0.0141,0.0285,0.0172,-0.0186,0.3263,-0.0074,-0.573,-0.0031,-0.0021,0.0105,1.2009,-0.0063,0.0083,0.0126,0.0046,0.0011,-0.1461,-0.0273,-0.0123,-0.0223,-0.0267,-0.005,-0.0055,-0.6726,-0.0104,1.4694,-0.0105,-0.0031,0.0117,0.3406,0.0051,0.0026,0.0185,0.002,0.0225,0.0006,0.0156,-0.0376,-0.0123,0.0048
41,5101,108,2,sitting,0.0154,0.3379,-0.0089,0.0694,0.3084,1.057,0.1259,-0.0087,0.0015,0.0036,0.0096,0.0063,-0.0341,0.0014,0.0091,0.0233,0.0167,0.0227,0.2483,-0.0242,-0.5063,-0.0023,-0.0025,0.0222,0.9188,0.0132,-0.0062,0.0181,0.0105,0.0021,-0.196,-0.0184,-0.0028,0.0057,-0.0106,0.0125,-0.0014,-0.307,-0.0065,0.7354,0.0045,-0.017,-0.0042,0.4533,-0.005,0.0053,0.0197,0.0011,0.0023,0.007,0.0152,-0.0357,-0.0115,0.0033
42,5102,108,2,sitting,0.0048,1.3157,-0.0186,0.1706,0.4032,0.9529,0.387,0.0037,0.0021,0.0161,0.0116,0.0036,-0.0274,0.003,0.0125,0.0276,0.0152,-0.0015,0.3347,-0.0116,-0.5753,-0.0111,0.0019,0.0116,1.0669,-0.01,0.0175,-0.0141,-0.0019,0.0142,-0.1663,-0.0312,-0.0539,-0.0035,-0.018,0.002,-0.0047,-0.3546,-0.0053,0.7441,-0.0147,-0.0089,0.002,0.386,0.0069,0.0097,0.0211,0.0059,0.0254,0.007,0.0318,-0.0349,-0.0108,0.0034
43,5103,108,2,sitting,0.0013,1.278,-0.0088,0.1535,0.5076,1.2337,0.5301,-0.012,0.003,0.0085,0.0086,-0.0017,-0.0256,0.0014,0.0081,0.0226,0.0182,0.0054,0.3438,0.0223,-0.5194,-0.0064,0.0009,0.0067,1.1803,-0.0248,-0.0113,0.0012,-0.0154,0.0003,-0.1637,-0.0225,-0.0687,-0.0202,-0.0044,0.0075,-0.0004,-0.3121,-0.0073,0.7688,-0.0075,-0.0142,0.005,0.4043,0.0089,0.0017,0.0121,0.0052,0.0176,0.0055,0.0147,-0.0374,-0.0122,0.0037
44,5104,108,2,sitting,0.0033,1.2709,-0.0169,0.1253,0.4087,1.0567,0.3952,-0.0072,-0.014,0.0043,0.0117,-0.0049,-0.0361,0.0005,0.0124,0.0341,0.0173,-0.0337,0.2149,0.0077,-0.4865,-0.0054,-0.0032,-0.0533,0.9682,0.0157,-0.0534,0.0176,0.0036,0.0081,-0.1274,0.0021,-0.0356,-0.0325,-0.02,0.0202,-0.0021,-0.3437,-0.0084,0.8082,-0.01,-0.0072,0.0037,0.3745,0.0033,-0.0042,0.0236,0.0013,0.0144,0.0038,0.0172,-0.0341,-0.0102,0.002
45,5105,108,2,sitting,0.0041,1.3355,-0.018,0.1615,0.4459,1.3647,-0.5892,-0.0125,-0.0042,0.0129,0.0061,0.0017,-0.0325,0.0024,0.011,0.0241,0.0174,-0.0023,0.3285,0.013,-0.4878,-0.0105,-0.003,-0.038,0.9717,0.0426,-0.007,0.0107,-0.0225,0.0256,-0.17,-0.0322,-0.0406,0.0125,-0.0234,-0.0161,-0.0047,-0.3416,-0.0051,1.0107,0.0025,-0.0207,-0.008,0.342,0.0102,-0.0117,0.0334,-0.014,0.0268,-0.0054,0.0137,-0.0365,-0.0127,0.0038
46,5106,108,2,sitting,0.0068,1.3091,-0.0035,0.0771,0.1888,0.4349,0.4339,-0.0135,0.0078,0.0251,0.0154,0.0032,-0.0296,0.0021,0.0155,0.0315,0.0166,0.0066,0.3635,-0.0016,-0.5533,-0.0056,-0.0042,-0.0097,1.08,-0.0073,0.0178,0.0082,-0.0158,0.0024,-0.1542,-0.0199,-0.0458,-0.0156,0.0048,-0.0086,-0.0064,-0.4991,-0.0049,0.75,-0.0142,-0.0062,0.0112,0.427,0.0103,0.0054,0.027,0.0121,0.0162,0.0147,0.0224,-0.0363,-0.0108,0.0024
47,5107,108,2,sitting,0.0122,1.3172,-0.0043,0.162,0.3911,1.0763,0.055,-0.0121,0.0064,0.0052,0.0183,-0.0134,-0.0314,0.0037,0.0109,0.0234,0.0194,0.0018,0.5435,0.012,-0.4852,-0.0022,-0.0022,-0.036,1.1411,0.0143,0.0281,-0.0224,-0.0053,-0.0051,-0.1676,0.0047,-0.0237,0.0017,0.0119,0.0088,-0.0002,-0.3426,-0.007,1.4986,0.004,-0.0236,0.0102,0.4634,0.0093,0.0132,0.0269,0.0132,0.0177,0.0018,0.014,-0.0331,-0.0103,0.006
48,5108,108,2,sitting,0.0015,1.259,-0.0099,0.1442,0.3611,1.0422,0.3491,-0.0077,0.004,0.0238,0.0145,0.0051,-0.024,0.0011,0.0101,0.0243,0.0176,0.0155,0.1403,0.0228,-0.473,-0.0114,-0.0034,-0.0146,0.936,-0.0065,0.0141,0.0334,-0.0049,0.005,-0.134,-0.0184,-0.0305,0.0165,0.0044,0.0101,-0.0035,-0.6714,-0.0107,0.7805,-0.0104,-0.0076,0.0111,0.4389,0.0099,0.0026,0.0236,-0.0101,0.019,0.006,0.0247,-0.038,-0.0105,0.002
49,5109,108,2,sitting,0.0005,1.3105,-0.0214,0.0232,0.313,0.9833,0.3109,-0.0287,0.0023,0.017,0.017,-0.0079,-0.0318,0.0013,0.011,0.028,0.0208,-0.0122,0.4688,-0.0037,-0.585,-0.0061,0.0031,0.0066,1.0357,0.0128,0.0156,-0.0215,-0.0085,0.0042,-0.1681,-0.0304,-0.027,-0.0084,-0.0046,0.001,-0.006,-0.3097,-0.0066,0.7629,0.001,-0.0156,0.0045,0.419,0.0091,0.0033,0.0247,0.007,0.0197,0.0122,0.0253,-0.0354,-0.0116,0.0014
50,5110,108,2,sitting,0.0178,1.3248,-0.0219,0.1308,0.3281,1.0733,-0.2361,0.0083,-0.0053,0.0117,0.016,-0.0117,-0.0285,-0.004,0.0056,0.0285,0.0204,0.0019,0.3706,0.0063,-0.5469,0.0008,0.0003,-0.0172,1.013,0.0149,-0.0062,-0.0098,0.0038,0.0247,-0.1628,-0.024,-0.0611,-0.001,0.0117,0.0164,-0.0026,-0.3455,-0.0075,1.455,-0.0128,-0.0134,0.0141,0.9872,0.0069,0.007,0.0133,0.0014,0.0285,0.0053,0.021,-0.0354,-0.0111,0.0052
51,5111,108,2,sitting,0.013,1.1918,-0.0117,0.1634,0.3707,1.0494,-0.246,0.0271,0.0109,0.0196,0.0064,-0.0093,-0.0237,0.0001,0.0084,0.0247,0.0186,0.0207,0.5027,0.0026,-0.5072,-0.003,-0.0055,0.014,0.9235,-0.009,-0.0162,-0.0241,-0.0066,0.0176,-0.1778,0.0026,-0.0416,-0.0274,-0.0067,-0.0283,-0.0054,-0.3661,-0.0053,0.765,-0.013,-0.0053,-0.0076,0.4165,0.0052,0.0093,0.0265,-0.0004,0.0159,0.0045,0.0189,-0.0369,-0.0117,0.0054
52,5112,108,2,sitting,0.0007,1.266,-0.019,0.0746,0.2407,0.8402,0.2244,-0.0084,0.0052,0.0119,0.008,-0.0043,-0.026,0.0031,0.0076,0.0264,0.0245,0.0075,0.3192,0.0079,-0.5028,-0.0025,0.0014,0.001,1.1548,0.0132,0.0323,0.0217,-0.007,0.0268,-0.17,-0.0198,-0.0229,-0.025,-0.0018,0.0143,-0.0052,-0.3195,-0.0128,0.877,-0.0064,-0.0141,-0.0033,0.4224,0.0067,0.0137,0.0304,0.0059,0.0119,0.0062,0.0252,-0.0344,-0.0113,0.0038
53,5113,108,2,sitting,0.0061,1.1819,-0.0209,0.165,0.5162,0.9946,0.3868,0.0042,0.0004,0.0228,0.0104,-0.0098,-0.0295,0.0054,0.0128,0.0287,0.0172,-0.0005,0.1981,0.0056,-0.5873,-0.0077,0.0003,0.0006,0.9436,-0.0101,0.0211,0.0122,-0.0041,0.0026,-0.1638,-0.032,-0.0286,0.0009,0.0143,-0.0087,-0.0043,-0.3069,-0.0125,0.8624,-0.0103,-0.0105,0.0041,0.4622,0.0117,0.0057,0.0188,-0.0037,0.0265,0.007,0.0183,-0.0348,-0.0136,0.0031
54,5114,108,2,sitting,0.0102,1.2977,-0.014,0.1381,0.3679,1.0979,0.1838,0.0237,0.0027,0.0087,0.0137,-0.0011,-0.0179,0.0063,0.0159,0.0247,0.0192,0.0049,0.138,-0.0187,-0.55,0.0032,0.0002,0.022,1.1574,0.0255,-0.0101,-0.0055,0.002,0.0088,-0.1824,-0.0346,-0.0453,-0.0133,-0.0058,0.0235,-0.0057,-0.3238,-0.0113,1.468,-0.0102,-0.0058,-0.0039,0.4266,0.006,-0.005,0.0227,-0.0103,0.0159,0.0066,0.0119,-0.0353,-0.0135,0.0054
55,5115,108,2,sitting,0.0083,1.3427,-0.0154,0.1331,0.4435,1.1644,-0.3306,0.0021,0.0074,0.0035,0.0149,0.0021,-0.0228,0.0017,0.0094,0.0284,0.0166,-0.004,0.3637,-0.0135,-0.574,-0.0105,-0.0022,-0.0072,1.0527,0.0061,0.0011,0.0257,-0.0121,-0.004,-0.164,-0.0195,-0.0437,-0.0183,-0.014,-0.0147,-0.0023,-0.6228,-0.0042,1.6612,-0.0081,-0.0156,0.0083,0.9259,0.0145,-0.0074,0.0267,-0.0069,0.0212,0.0005,0.0125,-0.0335,-0.0111,0.0028
56,5116,108,2,sitting,0.0051,1.295,-0.0078,0.0834,0.3417,1.038,-0.3037,0.0008,0.0034,0.0223,0.0129,-0.0173,-0.0303,0.0066,0.0152,0.0223,0.0179,0.0005,0.4456,-0.0233,-0.5405,-0.0066,0.0016,0.0205,1.2536,-0.0176,-0.0403,0.0084,-0.023,-0.0054,-0.1432,-0.0247,-0.0387,0.0017,0.0078,0.0058,-0.0012,-0.6764,-0.01,1.4666,-0.0102,-0.0026,-0.0018,0.4366,0.0171,0.0038,0.0319,0.003,0.0333,0.0011,0.0267,-0.0358,-0.0125,0.0057
57,5117,108,2,sitting,0.013,1.3063,-0.0057,0.1202,0.3451,1.1523,0.546,-0.0072,-0.0056,0.0038,0.0147,-0.002,-0.0173,-0.0027,0.0097,0.0223,0.0189,-0.0146,0.1264,-0.0019,-0.5756,-0.0128,-0.0032,0.0101,1.1601,-0.002,0.0116,-0.027,-0.0266,-0.022,-0.1237,-0.0075,-0.0091,-0.0145,0.0047,0.0036,-0.0031,-0.6217,-0.0074,1.434,-0.0049,-0.0095,-0.0076,0.2416,-0.0021,0.0018,0.0254,-0.002,0.0162,0.003,0.0211,-0.0348,-0.0111,0.0057
58,5118,108,2,sitting,0.006,1.2183,-0.0182,0.0987,0.2759,0.9205,0.2466,0.0033,-0.0263,0.0117,0.0041,-0.0024,-0.0345,0.0053,0.0143,0.0269,0.0191,0.0071,0.4667,0.0166,-0.5888,-0.0053,-0.0058,-0.0066,1.0629,-0.0037,-0.012,-0.0045,-0.0241,-0.021,-0.1864,0.0041,-0.0456,0.0007,0.0036,0.0112,-0.0062,-0.3361,-0.0081,1.4717,-0.0061,-0.0175,0.0086,0.2852,0.0118,0.0024,0.0189,-0.0047,0.0113,0.0036,0.0181,-0.0358,-0.0102,0.0047
59,5119,108,2,sitting,0.0178,1.3151,-0.0267,0.1479,0.408,1.1156,0.3571,0.0163,0.0035,0.0362,0.0141,-0.006,-0.0297,0.0004,0.0136,0.0245,0.0206,-0.0065,0.3648,-0.0133,-0.5769,-0.0112,-0.0007,0.001,0.8186,0.0055,-0.0409,-0.0147,-0.0407,-0.0023,-0.1867,-0.0219,-0.0256,-0.036,-0.0098,-0.0085,-0.0034,-0.526,-0.0056,0.7816,-0.0099,-0.0134,0.0079,0.3472,0.0028,0.0059,0.0328,0.0044,0.0206,0.0114,0.0204,-0.0346,-0.0135,0.0029
60,5120,108,2,sitting,0.0056,1.341,-0.0164,0.1675,0.4056,1.0562,0.2711,0.0049,0.0121,0.0213,0.0129,0.0012,-0.0322,0.0003,0.0113,0.0249,0.0156,-0.0335,0.125,-0.0456,-0.5261,-0.006,-0.0015,-0.0012,1.1777,-0.0357,0.0149,0.0457,0.0017,0.021,-0.1449,-0.0296,-0.0246,-0.0478,-0.0075,-0.0157,-0.0024,-0.6724,-0.003,0.7865,-0.0145,-0.0033,-0.0024,0.4602,0.005,0.0093,0.0259,0.0102,0.0216,-0.0048,0.0163,-0.0353,-0.0124,0.0044
61,5121,108,2,sitting,0.0155,1.3043,-0.0167,0.1226,0.3712,1.0946,0.5106,0.0141,0.0022,0.0272,0.0189,-0.0021,-0.0145,0.002,0.0083,0.0246,0.0211,0.0144,0.3238,0.024,-0.5272,-0.0006,-0.0037,0.0284,1.0206,-0.0048,0.0053,-0.0188,0.0019,0.003,-0.1664,0.0108,-0.0501,-0.0106,-0.0072,-0.0018,-0.0044,-0.5773,-0.0065,1.4987,-0.0075,-0.0225,0.0185,0.2987,0.0187,0.0057,0.022,0.0083,0.0171,0.0061,0.0145,-0.0387,-0.0121,0.0026
62,5122,108,2,sitting,0.0286,1.3218,-0.0172,0.057,0.2346,0.7203,-0.1693,-0.0272,0.0038,0.0241,0.0287,-0.0171,-0.0249,0.0068,0.0096,0.0275,0.0184,-0.0071,0.1746,-0.0184,-0.5304,-0.012,-0.0125,-0.0095,0.6196,-0.0373,0.0101,-0.0411,-0.0057,-0.0053,-0.2273,-0.0255,-0.0224,-0.0354,-0.0183,-0.0051,-0.0035,-0.4273,-0.011,1.0064,-0.0011,-0.0153,-0.0071,0.3638,0.0137,-0.001,0.0224,0.0026,0.0216,-0.0036,0.0156,-0.0364,-0.0102,0.005
63,5123,108,2,sitting,0.0102,1.1704,-0.0201,0.0241,0.1471,0.5172,0.3845,-0.0234,-0.0033,0.0343,0.0136,0.0055,-0.0249,-0.0073,0.0147,0.0291,0.0179,-0.0116,0.1488,0.0102,-0.5309,-0.0172,-0.0068,-0.0031,1.0184,0.0037,0.0187,0.0177,-0.0182,0.0032,-0.1236,0.0061,-0.0137,-0.0158,-0.0044,-0.011,-0.0056,-0.6361,-0.0094,1.4624,-0.0092,-0.0046,0.0174,0.3159,0.0045,-0.0031,0.0175,0.0072,0.0214,0.0028,0.023,-0.036,-0.0111,0.0067
65,5125,108,2,sitting,0.0011,1.2607,-0.018,0.1551,0.5329,1.3594,0.1872,0.014,-0.0166,0.0071,0.0068,-0.0079,-0.027,-0.0002,0.0056,0.0272,0.0153,-0.013,0.1126,-0.0171,-0.5048,-0.0124,0.0047,-0.0357,0.9108,0.033,0.0354,-0.0171,0.0246,0.0112,-0.2022,-0.024,-0.0526,-0.0196,-0.0258,-0.0029,-0.0043,-0.5912,-0.0087,0.8047,-0.0127,-0.0057,0.0025,0.3658,0.0136,0.0043,0.0325,-0.0005,0.0136,0.0064,0.0114,-0.0388,-0.0121,0.0041
66,5126,108,2,sitting,0.0103,1.2442,-0.0192,0.0838,0.3047,1.021,-0.1866,0.0363,-0.0022,0.0153,0.0132,-0.0061,-0.0275,-0.0039,0.0125,0.0298,0.0177,-0.015,0.4206,-0.0362,-0.5269,-0.0062,-0.0034,0.0212,1.2265,0.0095,-0.0186,-0.0136,-0.023,0.001,-0.1601,-0.0253,-0.0329,-0.0424,-0.0273,0.0099,-0.0011,-0.5791,-0.0077,1.6483,0.0003,-0.0159,0.0047,0.9511,0.0087,0.0076,0.0294,-0.0168,0.0253,0.0089,0.0184,-0.0364,-0.0106,0.0017
67,5127,108,2,sitting,0.0035,1.2816,-0.0176,0.188,0.4251,1.1208,0.4531,-0.005,-0.0004,0.0123,0.016,-0.0031,-0.0266,0.0052,0.0107,0.0367,0.0194,-0.007,0.1661,-0.0226,-0.546,-0.0037,0.0001,-0.0177,0.9214,0.0205,0.002,0.018,-0.0046,-0.0052,-0.1602,-0.0283,-0.0615,-0.0315,-0.0232,-0.0106,-0.0039,-0.6013,-0.0082,0.8388,-0.0134,-0.0093,-0.0059,0.4352,0.0068,-0.0056,0.0226,0.0169,0.0178,-0.0044,0.0134,-0.0345,-0.0108,0.0044
68,5128,108,2,sitting,0.0047,1.2166,-0.0264,0.148,0.3597,0.9777,-0.2196,0.0157,-0.0002,0.0183,0.0011,0.0009,-0.0277,0.0004,0.0104,0.0261,0.0173,0.0147,0.3036,-0.0174,-0.5397,-0.0031,0.0002,-0.0352,0.8585,-0.0145,-0.0055,0.0152,-0.0127,0.0255,-0.1693,-0.0293,-0.0283,-0.0466,0.0024,0.0087,-0.0005,-0.5327,-0.0091,0.7844,-0.0125,-0.009,0.0134,0.3541,0.0068,-0.0006,0.0245,-0.0028,0.0241,0.01,0.0144,-0.0345,-0.012,0.006
70,5130,108,2,sitting,0.0028,1.3276,-0.0092,0.175,0.5724,1.5549,-0.2881,0.0103,-0.0205,0.0315,0.0062,-0.0012,-0.0255,-0.0052,0.0141,0.0249,0.0176,-0.0302,0.3284,-0.0457,-0.5409,-0.0004,0.0054,-0.0336,1.1124,-0.0307,-0.0212,0.0076,0.028,-0.0122,-0.1887,-0.0359,-0.0059,-0.0033,-0.0222,0.0031,-0.0019,-0.6631,-0.0056,1.421,-0.0066,-0.0195,0.0121,0.4281,0.008,0.0079,0.0307,0.0146,0.0361,0.0009,0.0183,-0.0364,-0.0102,0.0053
71,5131,108,2,sitting,0.0083,1.3273,-0.0036,0.0154,0.3081,0.8521,0.4799,-0.006,-0.0007,0.0212,0.0058,0.0035,-0.0294,0.0029,0.0112,0.0256,0.0194,-0.0053,0.3381,-0.0143,-0.5065,-0.0042,0.0006,0.0029,1.3886,0.0104,-0.0044,0.0027,-0.0084,-0.0001,-0.174,-0.0309,-0.05,-0.034,0.0175,-0.0084,-0.0058,-0.5621,-0.0042,1.4395,-0.0087,-0.0167,-0.0132,0.289,0.0096,0.0076,0.0367,0.0049,0.0027,0.0126,0.0219,-0.0352,-0.0127,0.0056
72,5132,108,2,sitting,0.0066,1.2876,-0.0216,0.1584,0.4581,1.3527,-0.301,-0.0362,0.0122,0.0062,0.0126,0.0157,-0.0334,-0.0009,0.0115,0.0241,0.0239,0.0013,-0.0406,-0.0053,-0.4357,-0.0034,-0.0015,-0.0222,0.8833,0.0133,-0.0218,0.0029,-0.009,-0.0068,-0.1517,-0.0261,-0.0334,-0.0109,-0.0002,-0.003,0.0014,-0.514,-0.0071,1.0595,-0.0146,-0.0038,-0.0059,0.4753,0.0184,0.0068,0.0276,0.0058,0.0266,0.0064,0.0204,-0.0353,-0.0132,0.0035
73,5133,108,2,sitting,0.0056,0.2664,-0.0197,0.1728,0.4861,1.2568,1.4514,-0.0063,0.0072,0.0214,0.0023,0.0049,-0.0244,0.0021,0.0114,0.0285,0.0201,0.0074,0.1804,0.0008,-0.4777,-0.0014,0.0025,0.0141,1.1052,0.0077,0.0059,0.0037,-0.0174,0.008,-0.1903,0.0109,-0.0527,0.0248,0.0131,0.0087,-0.008,-0.3411,-0.0103,1.1377,-0.012,-0.0073,0.0144,0.3753,0.0122,0.0084,0.0128,0.0113,0.027,0.0018,0.0234,-0.0359,-0.0111,0.0067
74,5134,108,2,sitting,0.0217,1.2946,-0.032,0.147,0.4077,1.21,-0.2116,-0.0046,0.006,0.0153,0.0012,-0.002,-0.0275,0.0034,0.0135,0.0259,0.0166,0.0078,0.3194,0.0042,-0.5252,0.0002,0.0033,0.0146,1.2014,0.0038,0.0217,0.0117,0.021,-0.0066,-0.1845,0.0049,-0.0681,0.001,0.0118,0.0077,-0.0023,-0.5778,-0.0095,1.4904,0.0003,-0.016,0.0035,0.3922,0.0108,0.013,0.0231,0.0077,0.0277,0.0103,0.0301,-0.0368,-0.0123,0.006
75,5135,108,2,sitting,0.0076,1.3437,-0.019,0.1468,0.3551,1.1684,-0.5348,0.0204,-0.0207,0.0146,0.008,-0.0183,-0.0273,0.0001,0.0121,0.025,0.0202,-0.0113,0.1413,0.0102,-0.4805,-0.0167,0.0044,-0.0325,1.3156,0.0144,-0.014,-0.024,0.0053,0.0047,-0.1837,-0.018,-0.006,-0.0156,-0.0242,0.0032,-0.0044,-0.5746,-0.013,0.6947,-0.0133,-0.0114,-0.0183,0.4545,-0.004,0.0134,0.0163,0.0052,0.0169,0.0031,0.0133,-0.0359,-0.0125,0.0068
76,5136,108,2,sitting,0.0032,2.1355,-0.0074,0.0572,0.1215,0.9218,0.1981,0.0054,0.0024,0.0147,0.0126,-0.0081,-0.0305,0.001,0.0087,0.0313,0.0186,0.0016,0.4514,0.0042,-0.5051,-0.002,0.0011,0.0153,1.4887,0.0034,0.0071,0.0014,-0.0151,0.001,-0.1386,0.0044,-0.0169,-0.0263,-0.0043,-0.004,-0.0038,-0.4853,-0.0052,1.5145,0.0017,-0.0196,0.0168,0.2732,0.0031,0.0089,0.0211,-0.0079,0.0275,0.0073,0.0178,-0.0362,-0.0101,0.0048
77,5137,108,2,sitting,0.0106,1.3441,-0.0228,0.1316,0.3661,1.1234,-0.3349,0.0115,-0.0069,0.0082,0.0082,-0.0051,-0.0228,-0.0009,0.0074,0.0218,0.0161,0.005,-0.166,-0.0095,-0.5693,-0.0034,0.0014,0.0079,1.2708,0.0307,-0.0358,-0.0015,0.0107,0.0041,-0.1868,-0.0221,-0.0248,-0.0368,-0.0155,-0.0027,-0.0038,-0.3035,-0.0078,0.7784,0.002,-0.0153,0.0025,0.4264,0.009,0.0011,0.0146,-0.0016,0.0212,0.0045,0.0197,-0.0368,-0.0136,0.0047
78,5138,108,2,sitting,0.0054,1.2274,-0.0213,0.0576,0.2282,0.6733,0.3679,0.0077,-0.0127,0.0178,0.009,0.0017,-0.0295,0.0053,0.0122,0.0296,0.0218,-0.0063,0.1392,-0.0213,-0.5487,-0.0133,0.0008,-0.0072,1.0806,0.0057,0.0089,0.0247,-0.0066,0.0038,-0.196,-0.027,-0.0092,-0.0248,-0.0243,-0.0016,-0.0033,-0.3205,-0.0037,0.7991,-0.0049,-0.0161,0.0025,0.3152,0.0063,0.0029,0.0351,0.0079,0.0265,0.0147,0.0164,-0.0349,-0.0101,0.0044
79,5139,108,2,sitting,0.005,1.3074,-0.0184,0.106,0.3516,0.9615,0.1803,-0.0207,0.0024,0.0118,0.0077,0.0074,-0.0276,0.0003,0.0075,0.0242,0.0162,0.003,0.2336,-0.0183,-0.5593,-0.006,0.0051,-0.0076,1.1269,-0.0092,0.0154,0.0144,-0.0143,-0.0232,-0.1399,-0.0259,-0.051,-0.0085,-0.0268,-0.0083,-0.003,-0.3143,-0.0033,0.7445,-0.0148,-0.0066,0.0133,0.4048,0.0085,0.0102,0.0251,0.0037,0.0195,0.0004,0.0203,-0.0341,-0.0115,0.0048
80,5140,108,2,sitting,0.0031,1.301,-0.022,0.0213,0.2745,0.7484,-0.2273,0.0121,-0.0262,0.015,0.0013,-0.0213,-0.0314,-0.0041,0.0102,0.0259,0.0185,0.014,0.2313,0.0171,-0.4687,-0.0134,0.0005,0.0222,1.2671,0.023,0.0067,0.025,-0.0052,0.0244,-0.171,-0.0243,-0.0474,-0.0383,-0.0368,-0.0039,-0.005,-0.3169,-0.008,1.4396,-0.0039,-0.0166,0.0149,0.3437,0.0134,0.0031,0.0247,-0.0054,0.0221,-0.0065,0.0188,-0.0373,-0.0105,0.0025
81,5141,108,2,sitting,0.002,1.3207,-0.0133,0.1203,0.3416,1.0059,-0.0809,-0.0113,0.0025,0.0252,0.0165,0.0004,-0.0219,0.0048,0.0103,0.0239,0.0179,0.018,0.1261,0.0127,-0.5568,-0.0012,-0.0049,-0.0077,1.0693,0.0273,0.0238,-0.012,-0.0115,0.0017,-0.1933,0.0033,-0.0035,-0.0106,0.0121,-0.0127,-0.0035,-0.324,-0.0042,0.7669,-0.0131,-0.0081,0.0065,0.3911,0.0048,-0.005,0.0295,0.0068,0.0214,0.0168,0.0277,-0.0374,-0.0109,0.0023
82,5142,108,2,sitting,0.0047,1.2692,-0.0126,0.1786,0.3759,0.9983,0.2633,0.0005,-0.0005,0.0113,0.0075,-0.0063,-0.0295,-0.0009,0.0075,0.03,0.0185,0.0138,0.3567,0.0075,-0.5355,-0.0001,-0.0014,0.011,1.0602,0.0084,-0.0135,-0.0014,-0.0253,0.011,-0.1426,-0.0274,-0.0378,-0.0222,0.0043,0.0038,-0.0052,-0.3512,-0.0053,0.7276,0.0015,-0.0186,0.0104,0.463,0.0052,-0.0009,0.032,0.0052,0.0238,-0.0008,0.0288,-0.0353,-0.0131,0.0028
83,5143,108,2,sitting,0.0103,1.2971,-0.0202,0.1188,0.3117,1.0575,0.3428,0.0189,-0.0054,0.0174,0.0081,-0.0041,-0.0301,0.0056,0.0117,0.0323,0.0174,-0.0262,0.1877,-0.0112,-0.5717,-0.0076,-0.0041,-0.0364,0.9544,-0.0167,-0.0324,-0.0116,-0.0067,0.0148,-0.1986,-0.0299,-0.0171,-0.0258,-0.0358,-0.0039,-0.0034,-0.3073,-0.0113,0.7494,-0.0059,-0.0111,0.0041,0.4472,0.0051,0.0094,0.0365,-0.0118,0.024,-0.0055,0.0235,-0.0339,-0.0121,0.0012
84,5144,108,2,sitting,0.013,1.2888,-0.0258,0.0681,0.3715,1.0798,0.0931,0.0385,-0.0273,0.0434,0.0107,-0.0181,-0.0486,0.0142,0.0146,0.0215,0.013,0.0108,0.1795,0.0302,-0.476,-0.0057,-0.0055,0.0138,1.1763,-0.0037,-0.0338,-0.0082,-0.0228,0.024,-0.1707,-0.0139,-0.0474,-0.0054,0.0172,-0.0076,-0.0054,-0.316,-0.0102,1.5079,0.0037,-0.0155,0.0266,0.3431,0.0031,0.0041,0.0285,0.0116,0.0241,0.0017,0.0136,-0.0339,-0.0115,0.0057
85,5145,108,2,sitting,0.0007,2.3512,-0.0151,0.16,0.4576,1.3106,0.4554,-0.0035,0.0013,0.0272,0.0089,0.0003,-0.0244,0.0013,0.0088,0.0266,0.0176,0.0012,0.4349,-0.026,-0.533,-0.0086,0.0021,-0.0306,1.171,-0.0069,-0.0418,-0.0023,-0.0325,0.0014,-0.165,-0.0337,-0.0074,-0.0143,-0.0153,-0.0021,-0.0011,-0.3248,-0.0056,0.6833,0.0003,-0.0176,0.014,0.4468,0.0109,0.0062,0.023,0.0047,0.0275,0.0037,0.0151,-0.0345,-0.012,0.0039
86,5146,108,2,sitting,0.0068,0.2642,-0.0189,0.1262,0.4039,1.2275,0.454,0.0039,-0.0032,0.021,0.0123,-0.0048,-0.0218,0.0015,0.0121,0.0259,0.0169,0.0005,0.2289,0.0024,-0.5712,-0.0117,-0.0004,0.0068,1.1156,0.014,0.0065,-0.0179,-0.0099,-0.0012,-0.1499,-0.034,-0.0471,0.0073,0.007,0.0056,-0.0044,-0.59,-0.0101,1.48,-0.015,-0.0035,0.013,0.3749,0.0153,0.0106,0.0337,0.0043,0.0166,0.002,0.0312,-0.0352,-0.0115,0.0051
87,5147,108,2,sitting,0.004,1.2742,-0.0131,0.0428,0.3057,0.974,0.2751,0.0102,0.0033,0.0087,0.0047,-0.0123,-0.0363,0.0043,0.0117,0.0241,0.0194,0.006,0.2733,-0.0173,-0.5182,-0.0036,0.0014,-0.0082,0.9504,-0.0301,0.0465,-0.031,-0.012,-0.0081,-0.1373,-0.0287,-0.047,-0.0268,-0.0085,0.0107,-0.0006,-0.3195,-0.0091,0.775,-0.0147,-0.0037,0.0086,0.3955,0.0117,0.0013,0.0216,0.0064,0.023,0.0112,0.0164,-0.0368,-0.0121,0.0027
88,5148,108,2,sitting,0.0026,1.3076,-0.0074,0.0698,0.2511,0.7521,0.4093,0.0087,0.0021,0.0035,0.0042,-0.001,-0.0166,0.0023,0.0098,0.0306,0.0159,0.0072,0.235,-0.0264,-0.4926,-0.0044,0.0031,-0.0006,1.1605,0.0019,0.0247,0.0226,0.0024,0.005,-0.1821,-0.0291,-0.0421,-0.0285,-0.0049,-0.0063,-0.0012,-0.6704,-0.0058,1.5012,-0.0076,-0.0151,0.005,0.4154,0.0098,0.0019,0.0336,0.0086,0.0363,0.0072,0.0173,-0.0371,-0.012,0.0029
89,5149,108,2,sitting,0.0082,1.3397,-0.0155,0.0503,0.2426,0.66,0.1579,0.0125,-0.0205,0.0202,0.0021,-0.0116,-0.0267,-0.0001,0.0086,0.0275,0.0193,0.0235,0.1241,0.0072,-0.5209,-0.0004,-0.0015,-0.0239,0.9835,-0.0231,0.0014,0.0045,-0.0041,0.0064,-0.1535,-0.0268,-0.0282,-0.025,-0.0052,-0.0174,-0.0043,-0.3163,-0.0108,1.4584,0.0021,-0.0183,0.0127,0.3641,0.0018,0.0044,0.0254,-0.0066,0.0235,-0.0015,0.0144,-0.0338,-0.0131,0.0046
90,5150,108,2,sitting,0.0113,1.3016,-0.027,0.0426,0.133,0.4413,0.0388,0.0001,-0.005,0.0186,0.0056,0.0035,-0.0289,0.0004,0.0104,0.0271,0.019,0.0051,0.2705,-0.0134,-0.5098,-0.0023,-0.0006,-0.009,1.1838,-0.0377,0.015,0.0224,0.007,-0.0207,-0.1867,-0.0288,-0.0451,-0.0305,-0.007,0.0064,-0.0042,-0.3118,-0.0051,1.4312,-0.0155,-0.0161,-0.009,0.3409,0.0137,0.014,0.024,0.0005,0.0306,-0.0015,0.0249,-0.0363,-0.0108,0.0021
91,5151,108,2,sitting,0.0137,1.3659,-0.0127,0.029,0.23,0.6544,0.3697,-0.0102,0.0006,0.0135,0.0123,-0.01,-0.0214,-0.0009,0.0077,0.0231,0.0172,-0.0113,0.2934,-0.0204,-0.4984,-0.0039,0.0023,-0.0085,1.1413,0.0032,0.0188,0.0024,0.0034,0.0053,-0.1633,-0.0226,-0.0062,-0.0363,-0.0231,0.0116,-0.0045,-0.5822,-0.009,0.756,-0.0125,-0.0077,-0.0078,0.4506,0.0145,-0.0072,0.031,-0.003,0.014,-0.0019,0.02,-0.0372,-0.0113,0.0039
92,5152,108,2,sitting,0.0215,1.1588,-0.0284,0.1053,0.3097,0.8738,0.1714,-0.025,-0.0246,0.0128,0.0089,-0.001,-0.0331,-0.0012,0.0142,0.0238,0.0176,-0.0123,0.3081,-0.0016,-0.5505,-0.0062,-0.0047,0.0036,1.0846,0.0087,-0.0264,0.0151,0.0025,-0.005,-0.193,-0.0265,-0.0204,-0.0181,-0.0133,0.0148,-0.0052,-0.3047,-0.0066,0.7691,-0.0126,-0.0051,0.0131,0.3181,0.0029,0.0013,0.0254,0.0069,0.0201,-0.001,0.0224,-0.0357,-0.0126,0.0049
93,5153,108,2,sitting,0.0072,1.3317,-0.0086,0.1631,0.5274,1.5045,0.3604,-0.0241,0.0063,0.0122,0.0153,-0.0162,-0.0299,0.0069,0.0104,0.0257,0.0168,0.0021,0.3006,0.0006,-0.5475,-0.0041,0.0027,-0.041,1.0478,-0.0052,0.0015,0.0024,-0.0213,-0.0138,-0.1705,-0.0175,-0.032,-0.0155,0.0146,0.005,-0.0032,-0.3474,-0.0105,1.4442,-0.0105,-0.0072,0.005,0.2676,0.0063,0.0052,0.0183,0.0047,0.0239,0.0079,0.018,-0.0365,-0.0116,0.0026
94,5154,108,2,sitting,0.0028,1.2915,-0.0145,0.1387,0.3329,0.9744,-0.2926,0.0023,0.0015,0.0172,0.0053,-0.0218,-0.0193,0.0029,0.0079,0.0258,0.0172,-0.0031,0.231,-0.0112,-0.4593,-0.0069,0.0014,-0.0094,0.8724,-0.0174,0.0022,-0.008,-0.0186,0.0009,-0.1616,-0.024,-0.0108,-0.0136,-0.0023,0.0011,-0.0041,-0.3407,-0.0082,1.4529,-0.0118,-0.0074,0.0087,0.3321,0.0144,0.0086,0.0342,-0.0027,0.0086,0.0147,0.0165,-0.0355,-0.0136,0.0057
95,5155,108,2,sitting,0.0152,1.3018,-0.0327,0.2489,0.1131,0.6413,0.1505,0.0589,-0.0086,0.0404,0.0133,-0.035,-0.0134,-0.0011,0.0213,0.0337,0.0139,0.0054,-0.1696,0.0088,-0.5288,-0.0017,0.0017,0.0027,1.14,-0.0148,-0.0347,0.0103,-0.0358,0.0081,-0.1706,-0.0278,-0.0576,-0.0262,0.0201,0.0258,-0.0037,-0.5101,-0.0085,1.4714,-0.0161,-0.0135,-0.0035,0.3936,-0.0136,-0.0019,0.0317,0.0077,0.0361,0.0013,0.0287,-0.0357,-0.0124,0.0055
96,5156,108,2,sitting,0.0068,1.287,-0.0212,0.0974,0.2162,0.6727,-0.4231,-0.037,0.0202,0.0204,0.0094,-0.0073,-0.028,0.0017,0.0085,0.0251,0.0173,0.0011,0.2135,0.0121,-0.5161,-0.0047,-0.0013,-0.0569,0.8907,-0.0416,-0.0212,0.016,0.0342,-0.0151,-0.1627,-0.0261,-0.0156,-0.004,0.0246,-0.0079,-0.0032,-0.3099,-0.0047,1.4785,0.0024,-0.0196,0.0096,0.3547,0.0142,0.0015,0.0153,0.0112,0.0345,0.0165,0.02,-0.0355,-0.0121,0.0045
97,5157,108,2,sitting,0.0092,1.2806,-0.0252,0.0854,0.316,0.9929,0.1114,0.0021,-0.017,0.0031,0.0159,-0.0007,-0.027,0.0037,0.0129,0.0261,0.0176,0.0115,0.2784,-0.0133,-0.542,-0.008,-0.0026,-0.0137,1.0359,-0.016,-0.0119,-0.0183,-0.0049,-0.0106,-0.1699,-0.0119,-0.0299,-0.0224,-0.0005,-0.0017,-0.0051,-0.3229,-0.0072,0.7611,0.0033,-0.02,0.0082,0.3633,0.007,0.01,0.0177,0.001,0.0217,0.0117,0.0147,-0.0348,-0.0126,0.0019
98,5158,108,2,sitting,0.0065,1.1383,-0.0341,0.0534,0.3263,1.0189,0.246,-0.0115,-0.0136,0.036,0.0077,0.0071,-0.0256,0.0049,0.0138,0.0253,0.0178,0.0066,0.2143,0.0008,-0.4992,-0.0056,-0.0026,0.0188,1.1947,0.0128,-0.0066,-0.0025,-0.0314,0.0028,-0.1682,0.0078,-0.0481,0.0047,0.0021,-0.0018,-0.0012,-0.576,-0.0053,0.7644,0.0012,-0.0189,0.0024,0.4275,0.0143,0.0018,0.0294,0.0051,0.0162,0.0078,0.0189,-0.0342,-0.0113,0.005
99,5159,108,2,sitting,0.0103,1.3017,-0.0131,0.0736,0.3418,1.0686,0.4983,0.0211,-0.0045,0.0173,0.005,0.0057,-0.0252,0.0042,0.0092,0.023,0.018,-0.0027,0.2768,-0.0139,-0.5782,-0.004,-0.003,-0.0173,1.2738,-0.0102,0.0171,-0.0374,-0.0144,0.0017,-0.1746,-0.0377,-0.038,-0.0443,-0.0118,0.0018,-0.0006,-0.6748,-0.0076,1.4519,-0.0157,-0.0076,0.007,0.9066,0.0014,-0.0043,0.0284,0.004,0.0167,0.0069,0.0149,-0.0355,-0.0131,0.0039
100,5160,108,2,sitting,0.0112,1.2579,-0.0215,0.0543,0.2372,0.848,0.2681,0.0076,-0.0081,0.0191,0.0124,0.0051,-0.0306,0.0045,0.0063,0.0269,0.0181,-0.018,0.3658,-0.0207,-0.5799,-0.0009,-0.0007,0.0278,1.1779,-0.0116,-0.0184,-0.0241,-0.0012,-0.0036,-0.1436,-0.0256,-0.0207,-0.0173,-0.0248,-0.0062,-0.0027,-0.3408,-0.0101,0.7489,-0.0103,-0.0048,-0.0125,0.4754,0.0174,0.0068,0.0301,0.0094,0.0263,0.0106,0.013,-0.0363,-0.0103,0.005
101,5161,108,2,sitting,0.016,1.2593,-0.0169,0.1347,0.4102,1.0102,0.6739,0.0131,0.0033,0.0195,0.0028,-0.002,-0.0364,-0.0032,0.0104,0.026,0.0176,0.0228,0.2102,0.0183,-0.4666,-0.0017,0.0003,0.034,1.1061,-0.0218,-0.0457,0.0486,-0.0382,-0.0216,-0.1458,-0.0115,-0.0343,0.005,0.0163,0.0118,-0.0053,-0.3063,-0.0131,1.4404,-0.0102,-0.0045,-0.0102,0.3717,0.0167,0.0086,0.0307,0.006,0.0245,0.0089,0.022,-0.0387,-0.0104,0.0028
102,5162,108,2,sitting,0.0173,1.1855,-0.0217,0.1586,0.4911,1.4153,0.4177,-0.0253,0.0017,0.0254,0.0113,0.0015,-0.0288,0.0022,0.0135,0.0253,0.0186,-0.0164,0.3446,0.0073,-0.566,-0.0175,-0.0101,-0.0167,1.2174,0.0235,-0.0304,-0.0233,-0.014,-0.0019,-0.1758,-0.0225,-0.0397,0.0171,-0.0352,0.0091,-0.0022,-0.5763,-0.0124,0.7863,-0.0138,-0.0053,0.0092,0.3314,0.0114,0.0053,0.031,0.0106,0.0178,-0.0022,0.0264,-0.0347,-0.0111,0.0047
103,5163,108,2,sitting,0.0118,1.32,-0.0165,0.1079,0.3148,1.0574,0.1074,0.0004,-0.0117,0.0111,0.0034,-0.005,-0.0265,0.0001,0.014,0.0233,0.023,0.0002,0.4565,0.0162,-0.444,-0.0077,-0.0011,-0.0267,1.2336,0.0256,-0.0235,-0.0427,-0.005,-0.0024,-0.1566,-0.0238,-0.0362,0.0235,0.0137,0.0061,-0.0052,-0.3139,-0.0115,0.8678,-0.011,-0.0057,-0.0133,0.3464,0.0096,0.0112,0.0246,-0.0038,0.0163,0.0017,0.0215,-0.0348,-0.011,0.0049
104,5164,108,2,sitting,0.0106,1.35,-0.0153,0.1519,0.466,1.227,-0.287,0.0049,-0.0051,0.019,0.0163,-0.0027,-0.0245,0.0041,0.0114,0.0281,0.0178,-0.0058,0.1984,-0.0242,-0.5387,-0.0168,-0.0036,-0.009,1.2482,0.0017,-0.0157,-0.0135,-0.0268,0.004,-0.1659,-0.0346,-0.0274,-0.0142,-0.0141,-0.0044,-0.001,-0.3193,-0.0054,1.5019,-0.0122,-0.0041,0.0062,0.4041,0.0073,0.0135,0.0246,-0.003,0.013,0.0059,0.032,-0.0366,-0.0102,0.0048
105,5165,108,2,sitting,0.0274,1.3305,-0.0153,0.0398,0.134,0.525,-0.1961,-0.005,0.0124,0.0248,0.0043,-0.0207,-0.0257,0.0051,0.0101,0.0278,0.0176,-0.011,0.3766,-0.017,-0.5269,-0.0007,0.0051,-0.0115,1.078,-0.0278,0.0025,-0.0435,0.0025,0.012,-0.1788,-0.0216,-0.0224,-0.0083,-0.0354,-0.0087,-0.0041,-0.6727,-0.0055,0.8434,-0.014,-0.0061,0.0071,0.3863,0.0101,0.0147,0.0286,0.0047,0.0264,0.0023,0.0356,-0.0379,-0.011,0.0055
106,5166,108,2,sitting,0.012,1.3549,-0.0144,0.0808,0.2211,0.6908,0.4964,0.0052,0.0006,0.0173,0.0085,-0.0028,-0.0148,0.0057,0.0123,0.0275,0.0185,-0.0062,0.3434,-0.0068,-0.5463,-0.0015,-0.0061,-0.0073,1.1887,-0.009,0.0156,0.005,0.0064,-0.0017,-0.1546,-0.0214,-0.0204,-0.0107,-0.0182,-0.0027,-0.0037,-0.3316,-0.0105,1.4982,-0.0111,-0.006,0.0179,0.4578,0.0091,-0.0075,0.0175,0.0042,0.0028,0.0037,0.0176,-0.0363,-0.0131,0.0043
107,5167,108,2,sitting,0.0053,1.2765,-0.0139,0.1768,0.4189,0.9505,-0.2709,-0.0063,-0.0054,0.0192,0.001,-0.0006,-0.0285,0.0025,0.0126,0.0256,0.0197,-0.0156,0.4113,-0.0052,-0.562,-0.0029,0.0011,-0.0005,1.1719,-0.0152,0.0016,-0.0035,0.0032,-0.0174,-0.1905,-0.0195,-0.0477,-0.036,-0.0056,-0.0114,-0.0021,-0.3305,-0.005,1.4464,0.0031,-0.0155,-0.0067,0.3933,0.0275,0.0069,0.0315,0.0011,0.0344,-0.0051,0.0182,-0.0365,-0.0103,0.0021
108,5168,108,2,sitting,0.0057,1.2324,-0.0094,0.1389,0.3448,1.0564,-0.3335,0.0225,-0.0045,0.0115,0.0142,-0.0106,-0.0326,0.0056,0.0094,0.024,0.0161,-0.003,0.481,-0.0383,-0.5583,-0.0034,-0.0016,-0.0116,1.0841,-0.017,0.0116,0.0136,0.0027,-0.0061,-0.1601,-0.0284,-0.0391,-0.0258,0.0142,-0.0184,-0.0033,-0.3195,-0.0074,0.8469,-0.0136,-0.0073,0.0174,0.399,0.0064,0.0017,0.0183,0.015,0.0169,-0.0047,0.0234,-0.0335,-0.0112,0.0014
109,5169,108,2,sitting,0.0165,1.3409,-0.0245,0.1156,0.3363,1.0561,0.4163,0.0121,-0.0229,0.0318,0.0145,-0.0019,-0.0241,-0.0037,0.0105,0.022,0.0181,-0.0142,0.3663,0.0172,-0.463,-0.0013,-0.0009,-0.0306,1.0786,0.0448,-0.0095,-0.0252,-0.0048,-0.004,-0.1553,-0.034,-0.0294,-0.0327,-0.0152,-0.0025,-0.002,-0.3098,-0.008,0.7768,-0.0112,-0.0096,0.0155,0.2329,0.0177,0.0074,0.0183,0.0005,0.0194,0.0069,0.0122,-0.0365,-0.011,0.0047
110,5170,108,2,sitting,0.0046,1.3178,-0.0068,0.1274,0.3162,1.0525,-0.4378,0.0037,0.0067,0.0249,0.0041,0.0011,-0.019,0.0005,0.0125,0.0298,0.019,0.0031,0.1536,0.0088,-0.4894,0.002,0.0002,-0.0386,1.1807,-0.0146,-0.0049,0.0084,-0.0019,-0.001,-0.1693,-0.0241,-0.0576,-0.0288,-0.0183,0.0126,-0.0043,-0.5783,-0.005,1.6547,0.0028,-0.0193,-0.0163,0.3658,0.0064,0.0091,0.027,0.0186,0.0166,0.0028,0.0382,-0.0385,-0.0123,0.0027
111,5171,108,2,sitting,0.0012,1.2654,-0.0149,0.1361,0.3758,0.9869,0.4854,0.0057,-0.0152,0.0173,0.0103,0.0044,-0.0271,0.0014,0.0105,0.0287,0.0166,-0.0033,0.2274,-0.0204,-0.4929,-0.0031,-0.0012,-0.0147,1.2267,-0.0173,0.0074,0.0054,0.0026,-0.0005,-0.1639,-0.0211,-0.0504,-0.0104,-0.0013,0.0162,-0.002,-0.6715,-0.0036,1.5074,-0.0105,-0.0021,0.0078,0.4396,0.0063,0.0045,0.0241,-0.0042,0.0274,0.0115,0.028,-0.0354,-0.0135,0.0034
112,5172,108,2,sitting,0.0217,2.3256,-0.0239,0.1427,0.342,1.1729,1.3376,-0.0279,0.0009,0.028,0.0149,0.0036,-0.0263,0.0076,0.0102,0.0244,0.0203,0.0023,0.1585,-0.0152,-0.519,-0.0035,-0.0045,-0.0115,1.2873,0.0356,0.0056,-0.0151,-0.0234,-0.0004,-0.1636,-0.0368,-0.0372,-0.0271,-0.0172,0.0056,-0.0016,-0.3741,-0.007,1.4527,-0.0128,-0.0044,0.0161,0.5591,0.0031,-0.0028,0.0159,0.0132,0.0284,0.0106,0.0232,-0.0364,-0.0102,0.0036
113,5173,108,2,sitting,0.0118,1.3492,-0.0196,0.0955,0.3056,0.9839,0.5244,0.0212,0.0047,0.0129,0.0078,0.0022,-0.0276,0.0004,0.0109,0.0252,0.0165,-0.0114,0.3412,0.005,-0.5647,-0.0013,0.0017,0.0079,1.1698,0.0111,-0.0311,-0.018,-0.0054,-0.0305,-0.1942,-0.0273,-0.0145,0.0042,-0.0045,-0.0184,-0.0033,-0.3207,-0.0061,1.4504,-0.0146,-0.0122,0.0115,0.4199,0.0131,0.0047,0.0261,0.0079,0.0144,0.0086,0.0322,-0.0385,-0.0137,0.0031
114,5174,108,2,sitting,0.0066,0.8395,-0.0169,0.1811,0.5073,0.7028,0.8086,0.0075,-0.0074,0.0124,0.0113,0.0015,-0.0289,0.0032,0.0111,0.0258,0.019,0.0181,0.2401,0.0071,-0.5478,-0.0015,0.002,0.0159,1.2633,-0.0187,0.0256,0.007,0.005,0.0028,-0.1783,0.017,-0.0248,0.0127,0.0067,0.0055,-0.001,-0.6204,-0.0081,1.6774,-0.0124,-0.0079,-0.0127,0.3675,0.022,0.007,0.0317,-0.0022,0.0093,0.0057,0.0206,-0.0374,-0.0105,0.0046
115,5175,108,2,sitting,0.0022,1.185,-0.0185,0.1144,0.3484,1.087,0.4327,0.0067,0.007,0.0119,0.016,0.001,-0.0303,0.005,0.0108,0.0277,0.0187,-0.01,0.1643,-0.0235,-0.5526,-0.0024,0.0012,0.0056,1.2825,0.0057,0.0051,0.0313,0.001,-0.0055,-0.1424,-0.0363,-0.04,-0.0178,-0.0076,0.001,-0.0014,-0.6723,-0.0116,1.453,-0.0059,-0.0134,-0.0054,0.4168,-0.004,-0.0023,0.0216,0.0089,0.025,0.0013,0.0166,-0.0371,-0.0102,0.0013
116,5176,108,2,sitting,0.0041,1.2664,-0.0133,0.082,0.3033,1.074,-0.335,-0.0226,-0.0029,0.0237,0.0117,-0.0033,-0.024,-0.0024,0.0093,0.0365,0.0193,-0.001,0.3629,0.0132,-0.5303,-0.002,-0.0022,0.0079,1.1633,0.0073,-0.0249,0.006,-0.0012,0.0038,-0.1932,-0.0263,-0.0329,0.008,-0.0051,0.001,-0.0036,-0.3196,-0.0049,0.8379,-0.0039,-0.0166,-0.0031,0.4248,0.0186,0.0077,0.0214,0.0029,0.0158,0.0106,0.0232,-0.0345,-0.0112,0.0028
117,5177,108,2,sitting,0.005,1.2699,-0.0276,0.1095,0.3224,1.0192,0.4735,0.0151,0.0132,0.0157,0.0026,-0.0232,-0.0253,0.0055,0.0095,0.0238,0.0201,0.0116,0.2959,0.0236,-0.558,-0.0053,0.0033,0.0177,1.2811,-0.0045,0.016,0.0105,0.0038,0.017,-0.1606,-0.0458,-0.0172,0.0052,-0.0044,0.0143,-0.0032,-0.5061,-0.0067,1.4716,-0.0059,-0.013,-0.0081,0.367,-0.0126,0.0072,0.0281,-0.001,0.0273,0.0051,0.0211,-0.0353,-0.0115,0.0028
119,5179,108,2,sitting,0.0032,1.2103,-0.0087,0.1571,0.4254,1.2117,-0.1824,-0.0045,-0.0107,0.0164,0.001,-0.0026,-0.0284,-0.0023,0.0142,0.0287,0.0161,0.0254,0.3405,-0.0022,-0.5162,-0.0023,-0.0022,-0.0104,1.0827,0.0284,-0.0157,0.0324,0.005,0.0046,-0.1484,-0.0337,-0.0186,0.0188,-0.018,-0.0168,-0.0052,-0.3177,-0.0042,0.829,-0.002,-0.0165,0.0077,0.4332,0.0162,0.0125,0.0289,-0.0113,0.0133,0.0079,0.0183,-0.0363,-0.0081,0.0049
120,5180,108,2,sitting,0.0071,0.8495,-0.0174,-0.0681,-0.3208,-1.029,0.178,0.0142,-0.0103,0.034,0.0106,0.0064,-0.0296,0.0056,0.0084,0.0287,0.0223,-0.014,0.2762,-0.0227,-0.5663,0.0033,-0.0036,-0.0204,1.0597,-0.0129,0.0162,0.0068,0.0085,0.0004,-0.1765,-0.0278,-0.0306,-0.0093,-0.0017,0.0014,-0.0036,-0.616,-0.007,1.4528,-0.0071,-0.0177,0.0147,0.439,-0.0013,-0.0044,0.0314,0.005,0.026,0.0039,0.0232,-0.0337,-0.011,0.0026
121,5181,108,2,sitting,0.0033,1.3178,-0.0235,0.1427,0.4157,1.2269,0.4703,-0.0161,-0.0163,0.0244,0.0071,0.0042,-0.013,-0.0004,0.0102,0.0271,0.0154,-0.0025,0.2652,-0.0189,-0.4944,-0.0074,0.0036,0.003,1.1467,-0.0012,0.001,0.0109,0.0008,0.0038,-0.1604,-0.0257,-0.043,-0.0423,-0.0237,0.0047,-0.0076,-0.3383,-0.0056,1.0287,-0.0135,-0.0104,0.0071,0.342,0.0011,-0.0058,0.023,0.0021,0.024,-0.0007,0.0225,-0.0342,-0.0112,0.0011
122,5182,108,2,sitting,0.0003,1.1701,-0.0186,0.1778,0.4958,1.3035,0.4234,0.0053,0.0024,0.0183,0.0093,-0.0133,-0.0287,-0.0044,0.0111,0.0243,0.0153,-0.0027,0.3526,-0.007,-0.4905,-0.0052,0.0013,0.0258,1.2205,-0.0091,0.0064,0.0052,0.0126,-0.0012,-0.1438,-0.0275,-0.026,-0.0174,-0.0091,-0.0182,-0.0047,-0.6717,-0.0054,1.6536,-0.0107,-0.0063,-0.0029,0.4182,-0.0072,0.0015,0.0304,0.0024,0.0124,0.0047,0.0271,-0.0369,-0.0116,0.0013
123,5183,108,2,sitting,0.013,1.2202,-0.0125,0.144,0.3575,0.9758,0.3788,0.0025,-0.0042,0.0098,0.006,-0.0243,-0.0299,-0.002,0.005,0.0221,0.0176,0.0037,0.1964,0.0013,-0.5559,-0.0042,-0.0027,-0.0104,1.3372,-0.0344,-0.0217,0.0115,-0.0384,0.0045,-0.1707,-0.0293,-0.0251,-0.0332,0.0118,-0.0061,-0.0044,-0.3095,-0.0081,1.4889,-0.0077,-0.0135,0.0039,0.4216,0.0153,0.0066,0.014,-0.006,0.014,0.0029,0.0146,-0.0371,-0.0114,0.0044
124,5184,108,2,sitting,0.0103,1.2927,-0.0155,0.1449,0.4446,1.2813,0.2941,0.0009,0.0065,0.0272,0.0113,-0.0245,-0.0309,-0.0009,0.0091,0.0255,0.0193,0.0211,0.2191,0.0176,-0.5453,-0.003,-0.0003,0.022,1.2806,-0.0109,0.0035,-0.0102,-0.0172,0.0121,-0.1556,-0.0263,-0.0345,-0.0274,0.0094,0.0234,-0.0041,-0.6755,-0.0086,1.5424,0.0026,-0.0145,0.0037,0.9453,0.0109,0.0035,0.0148,0.0069,0.0131,0.0078,0.0127,-0.0356,-0.011,0.0063
125,5185,108,2,sitting,0.0066,1.3179,-0.0197,0.1209,0.3269,1.0792,0.3516,0.0037,0.0014,0.0138,0.0105,-0.0042,-0.0195,0.0001,0.0144,0.0311,0.0163,0.0052,0.1223,-0.0154,-0.5208,-0.0011,-0.0011,0.0277,1.034,-0.0011,-0.0124,0.0231,-0.0244,-0.0161,-0.1594,-0.0341,-0.009,-0.0092,-0.0054,0.0056,-0.0043,-0.5029,-0.0111,1.4692,-0.0131,-0.0051,0.0081,0.398,0.0112,-0.0063,0.0213,0.0018,0.0211,0.0071,0.019,-0.0364,-0.0118,0.0058
126,5186,108,2,sitting,0.0143,1.2593,-0.0206,0.1259,0.3369,1.069,0.1762,-0.0377,0.0031,0.0111,0.0015,-0.0017,-0.0296,0.0013,0.0121,0.0279,0.0254,-0.017,0.315,-0.005,-0.5552,-0.0107,-0.0003,0.0076,1.1171,0.0176,-0.0222,0.0016,0.0083,-0.0057,-0.1981,-0.032,-0.0515,-0.0041,-0.0028,0.0054,-0.0034,-0.5071,-0.0052,1.5063,-0.0144,-0.0089,-0.0028,0.3104,0.0098,-0.0026,0.012,0.0059,0.0129,0.0002,0.0116,-0.0334,-0.0123,0.0029
127,5187,108,2,sitting,0.0264,2.2131,-0.0176,0.1431,0.5263,1.3344,-0.4294,0.016,-0.0012,0.0163,0.013,0.0011,-0.0354,-0.0017,0.0152,0.0257,0.0187,-0.0223,0.1839,0.0214,-0.5335,0.0024,0.0009,-0.0409,1.1435,-0.0361,-0.0137,0.0147,0.0078,0.0188,-0.1789,0.0059,-0.0482,0.0054,-0.0048,-0.025,-0.0049,-0.6734,-0.0104,1.46,-0.0089,-0.0165,0.0043,0.444,0.0278,0.0094,0.0272,-0.0019,0.0213,0.0132,0.0239,-0.0364,-0.0124,0.001
128,5188,108,2,sitting,0.0058,1.287,-0.021,0.1508,0.3857,1.099,-0.1101,-0.0203,-0.0059,0.0098,0.003,0.0102,-0.0371,0.006,0.0127,0.0323,0.0191,-0.0116,0.2363,-0.0027,-0.5799,0.0035,-0.0052,-0.0098,1.0563,-0.0302,0.0162,0.0078,0.0084,0.0011,-0.1739,-0.0247,-0.0093,-0.0145,-0.0224,-0.0105,-0.0034,-0.3406,-0.0093,0.7773,0.003,-0.018,0.0005,0.363,0.003,0.0036,0.0197,0.0038,0.0284,0.0022,0.0152,-0.0342,-0.0114,0.0045
129,5189,108,2,sitting,0.0047,1.3399,-0.0219,0.1526,0.4175,1.0825,-0.307,0.0004,0.001,0.0207,0.0129,0.0041,-0.0266,-0.0023,0.0124,0.0277,0.0162,0.0185,0.215,-0.0273,-0.5663,0.0047,-0.0012,0.0042,1.1799,0.011,-0.0243,0.0003,-0.0109,0.0016,-0.1932,-0.0187,-0.029,-0.0407,-0.0173,-0.0105,-0.0031,-0.5099,-0.0055,1.4573,-0.0094,-0.0158,-0.0023,0.42,0.0161,-0.002,0.0265,0.0072,0.0167,-0.0026,0.015,-0.0334,-0.0125,0.0029
130,5190,108,2,sitting,0.0017,1.2954,-0.0138,0.0781,0.3115,1.1777,-0.3087,0.0038,-0.0152,0.0191,0.0159,-0.0004,-0.0297,-0.0043,0.0051,0.0287,0.0178,0.0049,0.2114,-0.028,-0.5643,-0.0074,-0.0046,0.0367,1.0034,-0.007,-0.0436,-0.0317,-0.0289,0.0054,-0.1748,-0.0157,-0.061,-0.0097,-0.0017,0.0137,-0.0035,-0.6739,-0.007,1.4985,-0.0046,-0.0183,0.01,0.3947,0.0095,-0.0011,0.0347,0.0054,0.0245,0.0043,0.0287,-0.0337,-0.0121,0.0042
131,5191,108,2,sitting,0.0136,2.0231,-0.0181,0.1101,0.3341,1.003,0.6662,0.0027,-0.0031,0.0224,0.0054,0.0018,-0.0233,-0.0023,0.0093,0.0258,0.0178,-0.0033,0.5254,-0.0043,-0.5538,-0.0038,-0.0005,-0.035,1.2529,-0.0249,-0.0261,-0.0127,-0.0158,-0.0182,-0.1433,-0.0306,-0.0361,-0.0241,0.0022,0.0001,-0.004,-0.3156,-0.0056,0.8406,-0.0094,-0.0146,0.0112,0.3325,0.016,0.0072,0.0228,0.01,0.022,0.0127,0.0199,-0.0334,-0.0123,0.0035
132,5192,108,2,sitting,0.0078,1.2936,-0.0161,0.1157,0.3629,1.0969,0.3633,0.0382,-0.0268,0.0203,0.0253,-0.0025,-0.0317,-0.0012,0.0107,0.0276,0.0176,-0.027,0.2564,0.0041,-0.5507,-0.0027,-0.0013,-0.0303,0.8794,0.025,0.0489,-0.0147,-0.0283,0.0313,-0.1791,-0.0335,-0.0673,-0.0402,-0.0174,0.001,-0.0055,-0.3129,-0.0073,0.7674,-0.0067,-0.0161,0.0062,0.3896,0.0066,0.009,0.0166,0.0001,0.0202,-0.0051,0.0222,-0.0353,-0.0102,0.0042
133,5193,108,2,sitting,0.0151,1.2415,-0.018,0.1337,0.3732,1.1077,0.5592,0.0227,0.0061,0.0164,0.0122,-0.014,-0.026,-0.0064,0.0128,0.0258,0.0184,-0.0185,0.42,0.0121,-0.5661,-0.0061,-0.0015,-0.0133,1.2093,-0.0146,-0.0222,0.0151,0.0033,0.0089,-0.166,-0.0231,-0.018,-0.0112,-0.0074,0.0088,-0.0012,-0.3407,-0.0078,0.7734,-0.0132,-0.0052,0.0113,0.3428,0.0061,0.0081,0.0277,0.0146,0.0176,0.0121,0.0123,-0.0364,-0.0116,0.0037
134,5194,108,2,sitting,0.0052,1.3314,-0.0205,0.1244,0.3461,1.052,-0.1843,0.015,-0.0137,0.0096,0.0031,-0.0112,-0.0299,0.0005,0.0143,0.0281,0.0197,-0.0023,0.2442,0.0215,-0.5769,-0.0036,-0.0046,-0.0036,1.2073,0.0002,0.0002,-0.0154,-0.0029,-0.0078,-0.1835,0.002,-0.0269,0.0211,-0.0137,-0.0112,-0.0052,-0.3276,-0.0063,0.7723,-0.014,-0.0061,-0.0184,0.4559,0.0047,-0.006,0.0283,-0.0053,0.0206,0.0024,0.0222,-0.0369,-0.0131,0.0058
135,5195,108,2,sitting,0.0113,1.321,-0.014,0.1131,0.3213,1.0686,-0.4306,-0.0106,-0.0144,0.0052,0.0152,-0.0069,-0.0212,0.0025,0.0134,0.0241,0.0176,-0.0058,0.385,-0.0147,-0.5038,-0.0028,0.001,0.028,1.2073,-0.0126,0.0031,0.0152,-0.0284,-0.0113,-0.1451,-0.0326,-0.0334,-0.0022,-0.0227,-0.0133,-0.0053,-0.3006,-0.0106,0.7772,-0.0141,-0.0105,-0.011,0.363,0.0054,0.0023,0.0126,0.0003,0.0211,0.0067,0.0283,-0.036,-0.0107,0.006
136,5196,108,2,sitting,0.0108,1.3074,-0.0163,0.1573,0.4082,1.1237,0.2545,0.0101,0.0065,0.0092,0.0163,-0.0038,-0.0237,0.0002,0.0116,0.0261,0.0173,0.0066,0.3317,0.0114,-0.5543,-0.0022,-0.0044,-0.0019,1.1193,0.0334,0.0344,0.0116,-0.0135,0.0006,-0.1638,-0.0329,-0.04,0.0005,0.0208,0.011,-0.0035,-0.326,-0.0072,0.8475,-0.0135,-0.0179,0.0116,0.3806,0.0099,0.001,0.0262,0.0111,0.0156,0.0126,0.0183,-0.0349,-0.0127,0.0047
137,5197,108,2,sitting,0.0064,1.2566,-0.015,0.1484,0.4188,1.0874,-0.078,0.0203,-0.0169,0.0267,0.0037,-0.0233,-0.019,0.0002,0.0132,0.0373,0.0165,-0.036,0.2724,-0.0412,-0.4898,-0.002,0.0001,-0.0359,1.2568,-0.0482,-0.0113,0.002,0.0073,0.0231,-0.1895,-0.0228,-0.017,-0.0306,0.0015,-0.0272,-0.0051,-0.3519,-0.0067,0.7628,0.0012,-0.0158,0.027,0.41,0.0056,0.0064,0.0341,0.0037,0.0201,-0.0074,0.0254,-0.0336,-0.0116,0.0051
138,5198,108,2,sitting,0.0118,2.326,-0.0046,0.0665,0.2189,0.6602,0.3516,0.0386,-0.0223,0.0381,0.0211,-0.0038,-0.0258,-0.0037,0.0122,0.0256,0.0165,0.0022,0.3578,0.0017,-0.5325,-0.0085,-0.0049,-0.0069,1.0313,-0.0076,0.0185,-0.0014,0.0064,-0.0186,-0.1811,-0.0152,-0.0441,0.0089,0.0079,0.0063,-0.005,-0.3429,-0.01,0.7998,-0.0081,-0.0198,0.003,0.3913,0.0135,-0.0004,0.0365,-0.0045,0.027,-0.0011,0.0159,-0.0358,-0.0131,0.0019
139,5199,108,2,sitting,0.0143,1.3647,-0.0244,0.1818,0.4093,1.0147,0.216,0.0018,0.0011,0.0156,0.002,-0.0114,-0.0279,0.0018,0.0096,0.025,0.0151,0.0011,0.2387,0.0146,-0.5097,-0.0072,-0.0054,-0.0323,1.0801,0.0212,0.0074,0.006,0.0081,0.018,-0.1603,-0.0121,-0.0269,0.0008,0.0204,0.0103,-0.0067,-0.354,-0.0107,0.7923,-0.0107,-0.0159,0.0154,0.3404,0.0202,0.0084,0.0283,0.0143,0.0213,0.0036,0.0147,-0.0354,-0.0122,0.0014
140,5200,108,2,sitting,0.0001,1.3127,-0.0247,0.1021,0.3009,1.0192,0.6441,0.0064,-0.0158,0.0064,0.0029,-0.0124,-0.025,0.0046,0.0104,0.026,0.0182,0.0108,0.2572,0.0054,-0.4586,0.0006,0.0048,-0.0084,1.1764,-0.0371,0.0166,0.0284,0.0022,0.0021,-0.1815,-0.0302,-0.0353,-0.0109,-0.0187,-0.0078,-0.0042,-0.6124,-0.0105,1.5059,-0.0084,-0.0134,0.0116,0.3598,-0.0042,0.006,0.0258,0.0077,0.0233,0.0045,0.0194,-0.0367,-0.0111,0.0046
141,5201,108,2,sitting,0.004,1.2492,-0.0156,0.2884,0.8608,0.8351,-0.3473,-0.0134,0.0116,0.0141,0.0085,-0.0073,-0.0244,0.0005,0.0118,0.0254,0.018,-0.003,0.45,0.0058,-0.5692,0.0009,-0.0003,-0.0102,1.0694,0.0124,0.0159,0.0057,0.0045,-0.0271,-0.165,-0.0147,-0.0145,-0.0203,-0.0043,0.0035,-0.0036,-0.5747,-0.008,1.4418,-0.0104,-0.0093,0.0092,0.503,0.0018,0.0127,0.0269,0.0072,0.0206,0.0114,0.0171,-0.0369,-0.0122,0.0065
142,5202,108,2,sitting,0.0067,1.2194,-0.0255,0.1157,0.3057,0.9829,0.2848,0.0222,-0.005,0.0201,0.0075,-0.0227,-0.0298,0.0074,0.008,0.0349,0.0243,-0.0029,0.3839,-0.0018,-0.4923,-0.0041,-0.003,0.0006,0.8911,-0.0057,-0.0482,-0.0058,-0.0031,-0.007,-0.1761,-0.0352,-0.0243,-0.0481,-0.0056,-0.0084,-0.0057,-0.3199,-0.0065,0.8335,0.0013,-0.0182,0.0248,0.4362,0.0036,0.0056,0.0244,0.0043,0.022,-0.0049,0.0232,-0.0336,-0.0114,0.0036
143,5203,108,2,sitting,0.001,1.308,-0.0208,0.1323,0.3187,0.9837,0.0877,0.0064,-0.0062,0.0235,0.0108,0.001,-0.0284,0.002,0.0105,0.0258,0.0197,-0.0041,0.3152,-0.0024,-0.5026,-0.0074,-0.0051,-0.0043,1.2347,-0.0072,0.011,0.0011,-0.0014,0.0055,-0.1777,-0.0328,-0.0178,-0.0206,-0.0089,-0.0155,-0.0062,-0.3185,-0.006,1.4455,-0.0026,-0.0168,0.0021,0.4019,0.0015,-0.0024,0.013,0.0045,0.004,0.0034,0.012,-0.0343,-0.0099,0.003
144,5204,108,2,sitting,0.0071,2.3729,-0.0164,0.034,0.2191,0.7106,1.1192,0.0157,0.0164,0.0097,0.0097,-0.0086,-0.0223,0.0025,0.0131,0.0314,0.0189,-0.0132,0.4036,-0.0075,-0.5178,-0.0056,0.0007,0.0347,1.0008,-0.0373,0.0054,0.0245,0.0115,0.0036,-0.1978,-0.022,-0.039,-0.0264,-0.033,-0.0012,-0.0061,-0.319,-0.0123,0.7478,-0.0078,-0.0119,0.005,0.404,0.0139,0.0028,0.0263,0.0136,0.0088,0.0029,0.0141,-0.0345,-0.0109,0.0031
145,5205,108,2,sitting,0.0172,1.3377,-0.0231,0.0799,0.2916,0.9654,0.2229,-0.0079,0.0003,0.022,0.0094,-0.0041,-0.0224,0.0016,0.0115,0.0227,0.0178,0.0014,0.2974,0.0223,-0.5337,-0.0044,0.0043,-0.023,1.0611,0.0013,-0.0061,0.0068,-0.0087,0.0052,-0.1926,-0.0133,-0.0409,-0.0307,0.0231,-0.0254,-0.0036,-0.6765,-0.006,1.45,-0.0112,-0.0112,-0.0176,0.4151,0.0088,0.0099,0.0229,0.0082,0.0099,0.0036,0.0206,-0.0364,-0.0083,0.0053
147,5207,108,2,sitting,0.0047,1.3003,-0.0216,0.0475,0.3172,1.0282,-0.3293,0.0059,-0.0137,0.0121,0.0158,-0.0077,-0.027,0.0011,0.0056,0.0277,0.0162,0.0029,0.3246,0.0109,-0.4887,0.0054,0.0033,-0.0204,1.2022,0.0151,0.0056,-0.0112,-0.0224,0.0047,-0.1777,-0.0254,-0.0681,-0.0175,-0.0221,0.0029,-0.0049,-0.5775,-0.0042,1.6606,-0.0098,-0.0089,0.0078,0.4379,0.014,-0.0036,0.0228,0.0046,0.016,-0.0073,0.0232,-0.0372,-0.0127,0.0024
148,5208,108,2,sitting,0.0035,2.0766,-0.0116,0.1264,0.337,1.028,0.05,-0.0121,-0.0215,0.0254,0.0047,0.0043,-0.0237,0.0004,0.0106,0.0279,0.0175,-0.0304,0.3282,-0.0383,-0.4866,-0.0102,-0.0051,-0.0428,1.2557,-0.043,-0.0364,-0.0529,-0.0276,-0.0174,-0.1712,-0.0343,-0.0317,-0.0271,-0.0211,-0.0033,-0.0053,-0.3146,-0.0077,0.8006,-0.01,-0.0116,0.0048,0.4088,0.0133,-0.0122,0.0159,-0.0036,0.0255,0.0053,0.0201,-0.0354,-0.0136,0.0029
149,5209,108,2,sitting,0.0009,1.2958,-0.0179,0.1266,0.3723,1.158,-0.2772,-0.0027,-0.0006,0.016,0.0147,0.0024,-0.0254,0.0041,0.0123,0.0263,0.0184,0.014,0.1794,-0.017,-0.522,-0.0011,-0.0006,0.0059,1.1613,0.0273,-0.0161,-0.0346,-0.0266,-0.008,-0.1836,-0.024,-0.0487,-0.0321,-0.0254,-0.0077,-0.0051,-0.3068,-0.0052,0.7811,-0.0033,-0.0133,-0.0087,0.3834,0.0121,0.0016,0.025,0.0051,0.0224,-0.0037,0.024,-0.0347,-0.012,0.0047
150,5210,108,2,sitting,0.0031,1.2669,-0.0092,0.146,0.4154,1.2875,-0.412,0.0145,0.001,0.0173,0.0074,-0.0048,-0.0265,0.0032,0.0155,0.025,0.0173,-0.0101,0.4857,-0.0146,-0.4372,-0.0075,-0.0017,0.0322,1.0684,-0.0152,0.0032,-0.0238,-0.0074,-0.0007,-0.1846,-0.0229,-0.03,-0.0371,-0.0204,0.002,-0.0034,-0.5929,-0.0108,1.5086,-0.0068,-0.0167,-0.0051,0.9188,0.0081,0.001,0.0277,0.0095,0.0228,0.006,0.0153,-0.0354,-0.0111,0.0048
151,5211,108,2,sitting,0.0038,2.2977,-0.0132,0.1567,0.5058,1.2986,0.2717,0.0063,0.0042,0.0184,0.0105,-0.0162,-0.0268,0.0017,0.0092,0.0258,0.0195,0.0065,0.2941,0.0132,-0.564,-0.0042,0.0018,0.0137,1.0198,0.0047,0.0101,0.0027,0.0082,0.0072,-0.1443,-0.0281,-0.0416,-0.0081,0.007,0.0116,-0.004,-0.3344,-0.0042,1.665,-0.0142,-0.0041,0.0124,0.3236,0.014,0.007,0.0358,-0.0031,0.0259,0.0027,0.0264,-0.0381,-0.0108,0.0036
152,5212,108,2,sitting,0.0063,1.2689,-0.0088,0.1151,0.3321,1.0523,0.0737,-0.0023,0.0023,0.0114,0.004,0.0026,-0.0153,-0.001,0.008,0.0238,0.0164,-0.0067,0.4406,-0.0049,-0.48,-0.011,-0.0035,-0.0041,1.176,0.0244,-0.004,0.0162,-0.0278,-0.0063,-0.1504,-0.0152,-0.0624,-0.0234,-0.0134,0.0042,-0.0023,-0.3381,-0.007,1.4451,0.0016,-0.0187,0.0161,0.4259,0.006,0.0071,0.0214,0.0021,0.021,0.0029,0.0159,-0.0354,-0.013,0.0033
153,5213,108,2,sitting,0.0001,1.3358,-0.0252,0.1611,0.4903,1.4309,0.1359,0.002,-0.0113,0.0229,0.0134,-0.01,-0.0328,-0.0014,0.0077,0.028,0.0163,-0.0147,0.3771,-0.0177,-0.5124,-0.0043,0.0014,0.0246,1.0667,-0.0247,0.0025,0.0158,0.0153,-0.0362,-0.1744,-0.0169,-0.043,-0.0154,-0.0017,0.0081,-0.0077,-0.3171,-0.0035,1.4948,-0.0125,-0.006,-0.0037,0.4029,0.0034,0.0076,0.0304,0.0006,0.0071,0.0035,0.0161,-0.0334,-0.0113,0.0049
154,5214,108,2,sitting,0.0152,1.3072,-0.0173,0.1088,0.3031,0.9958,-0.297,-0.0015,-0.0248,0.021,0.0119,0.0048,-0.0284,-0.0016,0.0121,0.0263,0.0205,-0.0082,0.1899,-0.0088,-0.5153,-0.0035,0.0009,-0.0355,1.1021,0.0167,0.0213,-0.0203,-0.0041,-0.0028,-0.1506,-0.0229,-0.0246,-0.0212,-0.0181,-0.0044,-0.0044,-0.3085,-0.0061,1.6648,-0.0129,-0.0085,-0.0069,0.4789,-0.0126,0.0064,0.036,0.007,0.014,-0.0036,0.0173,-0.0355,-0.0117,0.006
155,5215,108,2,sitting,0.0146,1.3379,-0.0137,0.0887,0.3503,1.0245,-0.4238,0.006,0.0028,0.0158,0.0148,-0.0138,-0.0291,-0.0004,0.0112,0.0234,0.0161,0.01,0.2276,-0.0251,-0.5464,-0.0024,0.0022,-0.0073,1.126,0.0266,0.0071,-0.0087,0.0072,0.0017,-0.1811,-0.0312,-0.0019,-0.0051,0.0017,-0.0046,-0.0042,-0.6757,-0.003,1.1117,-0.0144,-0.0062,0.0104,0.9714,0.0052,0.0064,0.0356,-0.0011,0.0213,0.0025,0.0213,-0.0351,-0.0106,0.0054
156,5216,108,2,sitting,0.0038,2.3395,-0.015,0.0263,0.3306,1.1218,0.1832,-0.0253,0.0018,0.0071,0.0165,-0.0166,-0.0295,0.0032,0.0134,0.0228,0.0158,-0.0323,-0.112,-0.0464,-0.4487,-0.0073,-0.0028,-0.0228,0.9688,0.015,-0.0211,0.0446,-0.0016,-0.0384,-0.1392,-0.0282,-0.0053,-0.0422,-0.015,0.0163,-0.0011,-0.514,-0.0079,1.4962,-0.0083,-0.0109,0.0013,0.3503,0.0024,0.0155,0.0266,-0.0013,0.0277,0.0015,0.017,-0.0363,-0.0117,0.0032
157,5217,108,2,sitting,0.0031,1.3069,-0.0218,0.1123,0.3454,1.0981,-0.5375,0.0116,-0.0156,0.0198,0.0088,-0.0032,-0.0278,-0.0064,0.0099,0.0268,0.0184,0.0006,0.2554,-0.0224,-0.5344,0.0012,0.0017,0.0029,1.3778,0.0068,0.0024,0.0077,-0.0125,-0.0028,-0.1969,-0.0267,-0.0307,-0.0048,0.0155,0.0102,-0.0045,-0.5164,-0.0063,1.0661,-0.0053,-0.013,0.0103,0.3704,0.0077,0.0068,0.0198,-0.0057,0.0335,0.0062,0.0183,-0.036,-0.013,0.0043
158,5218,108,2,sitting,0.0014,2.3305,-0.0176,0.2754,0.5207,1.3251,0.8377,-0.0005,0.0036,0.0045,0.0047,0.0027,-0.0232,0.0032,0.0089,0.0226,0.0183,0.0037,0.2261,0.0081,-0.5471,-0.0042,0.0001,0.0235,1.0769,0.034,0.0121,0.0363,0.0077,0.0008,-0.1757,-0.0217,-0.0431,-0.0054,-0.0081,0.0056,-0.0026,-0.6205,-0.0036,1.4783,0.0006,-0.0193,0.0143,0.3774,0.007,0.0131,0.0245,0.007,0.023,0.0058,0.0184,-0.0354,-0.0126,0.0049
159,5219,108,2,sitting,0.0112,1.3073,-0.0169,0.1557,0.4481,1.1843,-0.4281,0.0118,-0.0107,0.0119,0.0039,-0.0257,-0.0261,0.0026,0.0078,0.0251,0.0186,-0.0022,0.4036,-0.015,-0.528,-0.0084,0.0006,0.02,1.1445,-0.0013,-0.0094,0.0001,0.0126,-0.0047,-0.1806,-0.0119,-0.0333,-0.0223,-0.0095,-0.0061,-0.0061,-0.6181,-0.0031,1.6572,-0.0094,-0.0183,0.0014,0.4328,-0.0081,0.0004,0.0248,-0.0029,0.011,0.0039,0.0233,-0.0355,-0.0105,0.0028
160,5220,108,2,sitting,0.0053,1.2228,-0.0118,0.1145,0.3326,1.064,0.5054,0.0072,0.0054,0.0224,0.0061,-0.0082,-0.0214,0.0014,0.0107,0.0294,0.0175,-0.0265,0.2664,-0.0156,-0.4767,-0.0003,0.0016,0.0026,1.2316,0.0123,-0.0173,0.0207,-0.0135,-0.0308,-0.1874,-0.0194,-0.0382,-0.0067,-0.0268,0.0018,-0.0043,-0.5829,-0.0105,1.4997,-0.0094,-0.0168,-0.0066,0.3271,-0.006,0.005,0.0164,-0.0047,0.0168,-0.0035,0.0226,-0.0341,-0.0093,0.0044
161,5221,108,2,sitting,0.0068,2.1501,-0.011,0.1757,0.5203,1.5497,-1.3446,0.0101,0.0156,0.0129,0.0093,0.0009,-0.0352,0.0001,0.0137,0.0297,0.0181,-0.0047,0.5708,-0.0245,-0.4859,-0.0004,0.0051,-0.0201,1.1608,0.0015,-0.0108,0.0124,-0.0033,-0.0085,-0.167,-0.0297,-0.0626,-0.0467,-0.0179,-0.0114,-0.0031,-0.4163,-0.0042,1.4654,-0.015,-0.0144,0.007,0.4402,0.0062,-0.0019,0.0326,0.0041,0.0246,0.0125,0.0118,-0.0358,-0.0126,0.0048
162,5222,108,2,sitting,0.0013,0.7556,-0.013,0.024,0.3015,1.0486,0.9339,-0.0008,-0.0083,0.0222,0.0102,0.003,-0.0235,0.0018,0.0106,0.0261,0.0196,0.016,0.1106,0.0011,-0.4889,-0.005,-0.0033,0.0134,1.3143,0.0277,0.0142,-0.0111,-0.0069,0.0012,-0.163,-0.0318,-0.0148,-0.0307,-0.0133,0.0108,-0.0055,-0.3429,-0.0081,1.4693,-0.011,-0.0126,-0.001,0.2492,-0.0053,0.003,0.0145,0.0048,0.019,0.0019,0.0185,-0.0348,-0.0136,0.0049
163,5223,108,2,sitting,0.0038,2.0055,-0.0175,0.1845,0.2001,0.802,-0.3054,0.0177,-0.0075,0.0167,0.0183,-0.0034,-0.0234,-0.0025,0.0106,0.0258,0.0178,-0.0057,0.3713,-0.0342,-0.3959,-0.01,-0.0062,-0.003,1.4877,-0.0058,-0.033,-0.0016,-0.0338,-0.0039,-0.1455,-0.0167,-0.0502,-0.001,-0.0096,-0.0054,-0.005,-0.3504,-0.0074,1.4923,-0.0101,-0.0031,0.0046,0.9145,0.0054,0.0037,0.0166,0.0001,0.014,0.0056,0.0278,-0.0367,-0.0118,0.0046
164,5224,108,2,sitting,0.0007,1.1591,-0.0273,0.1543,0.4676,1.3183,0.2588,0.0033,0.0044,0.0197,0.0154,-0.001,-0.0289,-0.0037,0.0105,0.0271,0.0189,-0.001,0.3178,-0.0223,-0.5142,-0.0023,-0.0013,0.0147,1.0629,-0.014,-0.0052,0.0202,-0.0111,-0.018,-0.1562,-0.0363,-0.0683,-0.0366,-0.015,-0.0061,-0.0014,-0.5128,-0.0088,1.4364,0.0036,-0.0129,0.0024,0.4301,0.017,0.0113,0.0269,0.0013,0.0222,0.0086,0.0137,-0.0346,-0.0115,0.0047
165,5225,108,2,sitting,0.0083,0.9677,-0.0271,0.1226,0.3642,1.1363,0.3917,0.0108,-0.0134,0.0126,0.0145,-0.0128,-0.0299,-0.0015,0.0108,0.0258,0.0184,-0.0127,0.3573,-0.0162,-0.5769,0.0023,-0.0016,-0.0167,1.1416,-0.0059,0.023,-0.0021,0.0073,-0.0085,-0.1519,-0.0302,-0.017,-0.0341,-0.0075,0.0126,-0.0016,-0.6213,-0.0112,1.6727,-0.0081,-0.0171,0.0014,0.4361,0.0088,0.0062,0.0277,0.0029,0.0154,0.0014,0.0252,-0.0365,-0.0118,0.0026
166,5226,108,2,sitting,0.0201,0.969,-0.0226,0.162,0.5056,1.3625,0.4238,0.0132,0.0076,0.0043,0.0035,-0.0038,-0.0295,-0.0063,0.0048,0.0371,0.0169,0.0022,0.3676,0.0123,-0.5186,-0.0013,0.0047,0.0006,1.03,0.0081,0.0012,0.003,-0.0189,0.0057,-0.1601,-0.0214,-0.0208,-0.0157,0.0063,0.0084,-0.006,-0.5312,-0.006,1.6202,-0.014,-0.0083,-0.003,0.2661,-0.0007,-0.001,0.011,0.0106,0.0051,-0.0033,0.0167,-0.0357,-0.0133,0.0037
167,5227,108,2,sitting,0.0086,1.3661,-0.0196,0.1094,0.3129,0.9796,0.438,0.026,0.0005,0.027,0.0146,-0.0056,-0.0293,-0.0027,0.0105,0.0279,0.0206,-0.0157,0.3025,-0.0211,-0.4904,0.0015,-0.0023,0.0041,1.2021,0.0271,-0.0173,0.0318,0.0036,0.0251,-0.163,-0.0141,-0.0405,-0.0268,-0.0334,-0.0043,-0.0019,-0.3514,-0.005,1.448,-0.0101,-0.0089,0.0132,0.4388,0.009,0.0069,0.0363,0.0028,0.0287,0.0011,0.0274,-0.0367,-0.0124,0.0038
168,5228,108,2,sitting,0.002,1.2858,-0.0207,0.1163,0.3253,1.035,-0.2483,0.0014,0.0035,0.0113,0.0184,-0.0024,-0.0303,0.001,0.012,0.0269,0.018,0.0073,0.3707,-0.0184,-0.5732,-0.0063,0.0003,0.0048,1.2321,-0.0119,0.0081,-0.013,-0.0147,0.0062,-0.1859,-0.0256,-0.04,-0.0375,-0.0171,-0.0166,-0.0014,-0.3229,-0.0046,0.784,-0.0038,-0.0155,-0.0021,0.4168,0.0074,0.0053,0.0199,0.0049,0.0225,0.0057,0.0112,-0.0367,-0.0106,0.0035
169,5229,108,2,sitting,0.0032,1.3127,-0.0094,0.1463,0.3803,1.086,-0.0984,0.0029,0.005,0.0134,0.0075,0.0033,-0.0255,0.0023,0.0125,0.0291,0.0178,-0.034,0.2449,0.0281,-0.5164,0.0017,0.0001,-0.0043,1.267,-0.0116,0.0104,-0.0059,-0.0045,0.0004,-0.1644,0.0037,-0.046,-0.019,-0.0272,0.008,-0.0024,-0.3231,-0.0061,1.457,-0.0157,-0.0058,-0.0034,0.4668,0.0025,0.0012,0.0192,0.003,0.0038,0.0023,0.0207,-0.0365,-0.0103,0.0025
170,5230,108,2,sitting,0.0212,1.2564,-0.0087,0.107,0.3227,0.9927,-0.0599,-0.008,0.0019,0.0174,0.0103,0.0025,-0.0233,-0.0006,0.0089,0.0321,0.0178,0.0024,0.2262,-0.0011,-0.4595,-0.0053,0.0006,-0.015,1.2015,0.0156,-0.0103,-0.0047,0.0166,-0.021,-0.163,-0.0227,-0.0614,-0.001,0.0056,0.0099,-0.0027,-0.6151,-0.0103,1.447,-0.0135,-0.0073,0.0034,0.3387,0.0047,0.0016,0.0305,0.0081,0.0174,0.0008,0.0137,-0.0368,-0.0098,0.0042
171,5231,108,2,sitting,0.0105,2.1467,-0.0251,0.0935,0.4105,1.3138,0.1658,-0.0032,-0.0083,0.0021,0.0108,-0.0147,-0.0279,-0.0045,0.0046,0.0277,0.0161,-0.0235,0.3851,-0.0471,-0.4902,-0.0009,-0.0024,-0.0034,0.7808,0.0132,-0.0144,0.0348,-0.0233,0.0028,-0.1656,-0.041,-0.028,-0.0328,0.0077,-0.006,-0.0014,-0.341,-0.006,1.6636,-0.0132,-0.0083,0.0147,0.465,0.0183,0.0069,0.0257,0.0073,0.0328,0.0039,0.0216,-0.0379,-0.0106,0.0039
172,5232,108,2,sitting,0.0275,1.2673,-0.0251,0.1233,0.3168,0.9926,0.6678,-0.0206,-0.008,0.0246,0.0127,0.002,-0.024,0.0036,0.005,0.0296,0.0176,0.0013,0.1753,0.0235,-0.4474,-0.0006,0.0046,-0.0032,1.1036,-0.0226,0.02,-0.0061,0.0123,0.016,-0.1618,-0.0115,-0.0153,-0.0333,0.0034,0.0103,-0.0044,-0.5904,-0.0135,1.5074,-0.0101,-0.004,-0.0098,0.4416,0.0151,0.0067,0.0313,-0.0066,0.0252,0.0031,0.0242,-0.0373,-0.0108,0.0045
173,5233,108,2,sitting,0.002,0.9783,-0.0211,0.0348,0.3042,1.1814,0.3749,-0.0155,-0.0088,0.0135,0.0041,0.0023,-0.0252,0.004,0.0087,0.0266,0.0179,0.0101,0.2273,-0.0142,-0.5136,-0.0055,-0.0025,-0.0045,1.1015,-0.0034,0.0078,0.0166,-0.0252,-0.0218,-0.1648,-0.0151,-0.032,-0.0021,0.0067,0.0202,-0.0046,-0.3204,-0.0112,1.4647,-0.0134,-0.0061,-0.0123,0.3329,0.0052,0.0043,0.0167,0.0004,0.0229,0.0021,0.0266,-0.0347,-0.0127,0.0051
174,5234,108,2,sitting,0.0285,1.21,-0.0188,0.1214,0.3705,1.0463,0.3605,0.0055,-0.0025,0.021,0.0083,0.0036,-0.0216,0.0021,0.0117,0.0253,0.0206,-0.0203,0.3766,0.0275,-0.5579,-0.0051,0.0007,-0.0177,1.3189,-0.0261,0.0087,0.0014,-0.013,-0.0166,-0.1621,-0.0276,-0.0242,-0.0228,-0.0214,-0.0004,-0.0002,-0.5136,-0.0099,1.431,0.0024,-0.0169,0.0153,0.4408,0.006,-0.0067,0.0216,0.004,0.019,0.0066,0.0358,-0.0374,-0.012,0.0045
175,5235,108,2,sitting,0.0022,0.9974,-0.0072,0.1123,0.3628,1.0331,0.7476,0.0251,0.0022,0.0182,0.0105,-0.0053,-0.0325,0.0022,0.0096,0.0264,0.0183,-0.0067,0.3832,-0.0158,-0.5172,0.003,-0.0057,0.0114,1.3183,-0.0227,-0.0084,-0.0125,0.0178,-0.0183,-0.1647,-0.0142,-0.0526,-0.0371,-0.0231,-0.0037,-0.0034,-0.5933,-0.0104,1.4219,-0.0088,-0.0123,0.0034,0.4165,0.007,0.0091,0.0267,-0.0056,0.0243,0.0018,0.0181,-0.037,-0.0116,0.005
176,5236,108,2,sitting,0.0018,2.0363,-0.0089,0.1205,0.3332,0.9917,0.1078,0.0046,0.0021,0.0174,0.006,-0.0005,-0.0312,-0.0014,0.008,0.0316,0.0214,-0.022,0.3205,-0.0278,-0.5398,-0.0025,-0.0011,-0.0441,0.9167,-0.0114,-0.0273,-0.0035,0.0028,-0.0262,-0.1961,-0.0145,-0.0453,-0.027,-0.0025,-0.0078,-0.0004,-0.3261,-0.0082,1.4783,0.001,-0.0142,0.0035,0.4451,0.0167,0.0077,0.0257,-0.0038,0.0142,0.0056,0.0143,-0.035,-0.0137,0.0043
178,5238,108,3,standing,0.0005,-0.7654,-0.0096,-0.1237,-0.1132,-0.345,-0.3279,0.0013,-0.0187,0.0123,0.0072,-0.0024,-0.0115,0.0063,0.0222,0.0463,0.0129,0.0002,-0.0374,-0.0049,-0.575,0.0034,0.0018,-0.0038,0.7454,-0.0008,-0.0208,0.0215,-0.0237,-0.016,-0.0407,-0.0271,-0.0026,-0.0086,-0.0226,-0.0081,0.0018,-0.2267,-0.0068,0.4595,-0.0101,-0.0083,0.0009,-0.0084,0.002,-0.014,0.0079,0.0046,0.0347,-0.0033,0.0174,-0.0373,-0.0066,0.0021
179,5239,108,3,standing,0.0107,-0.5197,-0.0217,-0.1078,-0.2503,-0.5867,-0.3282,-0.06,-0.0403,0.0522,0.0118,0.0081,0.0008,0.0131,0.0244,0.0262,0.0031,-0.0645,-0.6218,-0.1373,-0.5444,-0.0073,-0.0184,0.0221,0.772,0.0407,0.0383,0.0074,0.0056,-0.0212,-0.2004,0.0345,0.044,-0.0376,0.052,-0.0408,-0.0047,-0.2204,-0.0105,0.5138,0.0026,-0.0135,0.0218,0.5072,-0.0124,-0.0069,0.0159,-0.0324,0.0164,0.0231,0.0179,-0.0311,-0.0101,0.0043
180,5240,108,3,standing,0.0043,-0.6606,0.0113,-0.0513,-0.2009,-0.5596,-0.2232,-0.0471,0.0681,0.0251,-0.0503,0.0102,-0.0166,0.003,0.0251,0.015,0.0153,0.0006,0.3248,0.0463,-0.5905,-0.0171,-0.0067,0.0201,0.7317,0.0094,0.0207,0.0406,0.026,0.0039,-0.054,0.0054,-0.0651,-0.0181,0.0172,-0.0228,-0.0024,-0.2111,-0.0014,0.7384,0.0018,-0.009,-0.0076,0.445,-0.0004,-0.0148,0.0345,0.0066,0.0083,0.0044,0.0052,-0.0377,-0.0135,0.0035
181,5241,108,3,standing,0.0034,-0.564,-0.0167,-0.0335,-0.1847,-0.5144,-0.4569,-0.0038,-0.0324,-0.002,0.0027,-0.0081,-0.0179,0.0002,0.0051,0.0264,0.0192,0.0087,0.4776,-0.0144,-0.5827,-0.0029,0.0007,0.0066,0.6784,-0.0061,-0.0233,0.0072,-0.0046,0.0043,-0.1317,-0.0265,-0.0345,-0.0315,-0.01,0.0207,-0.0023,-0.2189,-0.0039,0.5568,-0.0047,-0.017,0.0115,0.3666,0.0011,-0.0083,0.0348,-0.0084,0.023,0.0141,0.015,-0.0325,-0.0057,0.0063
183,5243,108,3,standing,0.0115,-0.6231,-0.0233,-0.1147,-0.1796,-0.5164,-0.3581,0.0225,0.0423,0.0801,0.0129,0.0004,-0.0656,-0.0067,-0.0261,0.0176,0.0043,0.0085,-0.2062,0.0268,-0.5675,0.0053,0.0055,0.0576,0.6334,0.0143,0.0678,0.0003,-0.0165,-0.0114,-0.2243,0.0045,-0.0135,-0.0064,0.0047,-0.0034,-0.0017,-0.3526,-0.0044,0.455,-0.008,-0.0185,0.0107,0.6381,0.011,0.0116,0.0239,0.0233,0.0063,0.0078,0.0204,-0.0383,-0.0103,0.0037
184,5244,108,3,standing,0.0023,-0.5903,-0.0165,-0.0501,-0.1497,-0.4654,-0.2154,0.0103,-0.0054,-0.0356,-0.0162,0.0357,-0.0072,0.0017,0.003,0.0298,0.0209,0.0382,-0.2445,0.0217,-0.5311,-0.0027,0.0023,0.0134,0.6383,0.0058,-0.0201,0.0144,0.0106,0.0053,-0.0351,0.0121,0.0065,-0.0142,0.0271,0.0039,-0.001,-0.3721,-0.0048,0.3526,-0.0134,-0.015,0.0001,0.3423,0.007,0.0069,0.0324,0.0113,0.037,0.0063,0.0168,-0.0341,-0.014,0.0015
185,5245,108,3,standing,0.0012,-0.627,-0.0074,-0.0746,-0.1887,-0.4599,-0.2715,-0.0003,0.004,0.0228,0.0042,0.0108,-0.0436,0.0117,0.0087,0.0293,0.0158,0.0235,0.3512,0.0234,-0.5489,-0.0027,-0.0007,0.0041,0.6636,0.0083,-0.0425,-0.0222,-0.0074,-0.0062,-0.0542,0.0147,-0.0141,-0.0454,-0.0244,0.0113,-0.0053,-0.2521,-0.0023,0.5805,-0.0104,-0.0099,0.0002,0.305,0.0162,-0.0027,0.0294,0.0066,0.0187,0.0028,0.033,-0.0338,-0.0146,0.0056
187,5247,108,3,standing,0.0286,-0.7306,0.0103,-0.06,-0.1895,-0.5686,-0.194,0.0226,-0.2637,-0.0035,0.0409,-0.0161,-0.074,-0.0206,-0.0031,0.018,0.0277,-0.0287,1.2743,0.0343,-0.5587,-0.0131,0.0004,-0.0504,0.6756,0.0301,0.0141,-0.0282,0.0122,-0.0186,-0.0705,0.0216,-0.0221,-0.0574,-0.0514,-0.0122,-0.0004,-0.3703,-0.0025,0.665,-0.0055,-0.0166,-0.0121,0.6354,-0.0151,-0.0262,0.0156,-0.006,0.0019,0.0071,0.0038,-0.0238,-0.0105,0.0057
188,5248,108,3,standing,0.002,-0.6565,-0.0101,-0.0965,-0.2221,-0.4834,-0.1649,-0.0368,-0.0101,-0.276,-0.2756,-0.1488,0.0036,-0.0287,0.0096,0.04,0.0277,0.0081,1.4225,-0.0367,-0.5791,-0.0053,-0.0021,0.0433,0.7644,0.0165,0.0072,-0.0041,-0.0188,0.0288,-0.2149,-0.0201,-0.014,0.0068,0.0274,0.0103,-0.0058,-0.2254,-0.0086,0.4572,-0.0109,-0.004,-0.0141,-0.4391,0.0148,0.0037,0.0413,0.0085,0.0133,0.0108,0.0231,-0.0324,-0.011,0.0048
189,5249,108,3,standing,0.0009,-0.7311,-0.0151,-0.0685,-0.2164,-0.6552,-0.277,0.0314,0.0058,0.052,-0.041,0.007,-0.0239,0.0025,0.0144,0.0385,0.0267,0.0051,-0.1197,0.0302,-0.584,-0.0031,0.001,0.0224,0.7214,-0.0226,-0.0063,-0.038,-0.0035,-0.0071,-0.0927,0.0035,-0.063,-0.026,0.0045,0.0177,-0.0043,-0.2445,-0.0087,0.4428,0.0053,-0.0134,-0.0256,0.5579,0.0065,0.0027,0.0365,-0.0011,0.0312,0.0057,0.0217,-0.0378,-0.006,0.0006
192,5252,108,3,standing,0.0067,-0.7749,-0.0234,-0.1422,-0.1487,-0.555,-0.4299,0.0225,-0.0066,0.0068,0.013,0.0261,-0.0122,0.0067,0.0123,0.0337,0.0113,-0.0376,-0.3382,-0.001,-0.585,0.0016,-0.006,0.0243,0.7776,0.016,0.028,-0.0043,-0.0246,-0.0152,-0.2665,-0.0273,-0.0048,-0.0153,0.0257,0.0011,-0.005,-0.3451,-0.0054,0.5137,-0.0108,-0.0104,-0.0124,0.3745,-0.0039,0.0076,0.0302,-0.0033,0.0125,0.0023,0.0308,-0.0359,-0.013,0.0039
193,5253,108,3,standing,0.004,-0.5978,-0.0205,-0.1251,-0.1741,-0.4701,-0.218,-0.0231,0.0071,0.0044,0.0368,0.0184,-0.0328,0.0047,0.0232,0.0235,0.0218,-0.0014,-1.163,-0.0147,-0.5691,-0.0165,0.002,0.0274,0.7726,0.0105,0.0242,0.0365,-0.0136,0.0055,-0.1682,-0.0108,-0.0187,-0.0083,-0.0027,-0.0133,-0.0022,-0.3456,-0.0078,0.6725,-0.0125,-0.0104,0.0063,-0.2124,0.0094,-0.0044,0.0352,0.0069,0.0272,0.0052,0.0288,-0.0326,-0.0143,0.0028
194,5254,108,3,standing,0.0032,-0.7779,-0.0286,-0.105,-0.288,-0.4753,-0.3155,0.0234,-0.0045,0.0213,0.047,-0.0172,-0.0075,-0.0225,0.011,0.034,0.0288,-0.0168,-0.0624,0.0167,-0.5926,-0.0013,-0.0024,-0.0202,0.7276,0.0009,0.0242,0.0223,-0.0304,0.0107,-0.1505,-0.0082,-0.0548,-0.0071,0.0174,-0.0279,-0.0007,-0.2387,-0.0045,0.5744,-0.0069,-0.0104,0.0138,-0.2062,-0.0064,0.0068,0.0443,0.0222,0.0384,0.0034,0.0236,-0.0321,-0.0102,0.0008
195,5255,108,3,standing,0.0016,-0.7553,-0.0169,-0.0746,-0.3271,-0.9463,-0.086,-0.0051,-0.0386,0.0072,0.0127,-0.0207,-0.0128,0.0158,0.0063,0.019,0.0361,0.0168,-0.2935,0.0013,-0.5479,-0.0046,-0.0034,0.0448,0.7145,0.0537,-0.0311,0.0235,-0.0385,-0.013,-0.1432,-0.0062,-0.1267,0.0078,-0.0089,0.0093,-0.0021,-0.2166,-0.0037,0.6458,-0.0156,-0.0096,0.0006,-0.318,0.0061,-0.0003,0.0371,0.0159,0.012,0.01,0.0151,-0.0376,-0.0103,-0.0005
197,5257,108,3,standing,0.0164,-0.706,-0.0129,0.0493,-0.1329,-0.5241,-0.2111,-0.0023,-0.0014,0.0157,0.0101,-0.0205,-0.035,-0.0072,0.0069,0.0294,0.0288,0.0051,-0.0983,-0.0162,-0.5628,-0.0117,0.0067,-0.009,0.73,-0.0177,-0.01,0.0251,-0.0063,-0.0236,-0.1435,-0.0283,-0.0485,-0.0468,-0.0031,0.0016,-0.0017,-0.204,-0.0051,0.545,-0.0134,-0.0058,-0.0019,0.5196,-0.0062,0.0145,0.0141,-0.0033,0.0278,0.0112,0.0169,-0.0334,-0.0107,0.005
198,5258,108,3,standing,0.0344,-0.7226,-0.0026,0.1075,0.2556,0.7812,-0.3044,0.048,0.0003,0.0101,0.0046,0.0056,-0.0364,0.0071,0.0058,0.0298,0.0373,0.0007,-0.5682,-0.0176,-0.5431,-0.0066,-0.0071,-0.0568,0.6109,0.0306,0.0645,-0.018,-0.0046,-0.0361,-0.1575,-0.0415,-0.087,-0.0028,-0.0032,0.0043,-0.0029,-0.2326,-0.002,0.5457,-0.0011,-0.0139,0.0077,0.4979,0.0043,0.0021,0.0384,0.0087,0.0263,0.0053,0.0177,-0.0334,-0.012,0.0025
203,5263,108,3,standing,0.001,-0.5349,-0.0411,0.1232,0.1998,0.6685,-0.3139,0.0152,0.0556,0.1658,-0.2055,-0.0827,-0.0416,-0.0387,-0.0173,0.0389,0.0346,-0.0556,0.5225,-0.0077,-0.5938,-0.0052,-0.005,-0.0242,0.5423,-0.0466,0.0136,0.0002,0.0112,0.0113,0.1877,-0.0234,0.0382,-0.035,0.0449,0.0051,-0.0037,-0.2155,-0.0046,0.5947,-0.013,-0.0097,0.0017,0.6637,0.0228,0.0097,0.0318,-0.0238,0.0386,-0.0041,0.016,-0.0329,-0.0156,0.0024
204,5264,108,3,standing,0.0207,-0.5339,0.0021,-0.0758,-0.166,-0.378,0.0872,0.0008,0.058,0.0236,-0.0054,-0.034,-0.0196,-0.0023,0.0134,0.0156,0.019,0.0125,0.4625,0.0241,-0.5579,-0.008,0.0001,-0.0218,0.6923,-0.0218,0.0068,-0.0305,-0.0281,-0.024,-0.1404,0.0247,-0.0654,0.0043,0.0172,0.0017,-0.0025,-0.225,-0.003,0.5351,-0.0142,-0.0142,0.0029,0.3924,-0.0113,0.0074,0.0063,0.0083,0.0226,0.0054,0.0198,-0.0315,-0.0126,0.0049
205,5265,108,3,standing,0.003,-0.5471,0.0257,0.1103,0.1387,0.4696,0.1076,-0.0009,-0.0285,0.0163,0.0107,-0.0141,-0.0338,0.001,0.0099,0.0455,0.0323,-0.0036,1.6137,-0.0216,-0.5368,0.0062,-0.0133,0.0002,0.5598,0.0016,-0.0066,0.0104,-0.0107,-0.0168,-0.1821,-0.017,-0.02,-0.0158,-0.0202,0.0245,-0.001,-0.2264,-0.0045,0.7673,-0.0151,-0.011,-0.0121,0.5356,-0.0115,0.005,0.0247,-0.0022,0.0214,0.0033,0.0243,-0.0383,-0.0101,-0.0016
206,5266,108,3,standing,0.0035,-0.7502,-0.0231,-0.0543,-0.1564,-0.5041,-0.3715,-0.0477,-0.022,0.0682,0.0017,0.0345,-0.0091,0.0011,0.007,0.019,0.0266,0.0007,-1.1084,0.0044,-0.5741,0.002,0.0037,-0.0358,0.6876,0.035,-0.0327,-0.0356,-0.0277,-0.0096,-0.1606,-0.0407,-0.019,-0.0311,-0.033,-0.0149,0.0007,-0.2624,-0.0077,0.4847,0.0045,-0.0104,0.0235,0.4634,0.014,-0.0067,0.0068,0.0155,0.0224,0.0111,0.02,-0.0416,-0.0107,-0.0024
207,5267,108,3,standing,0.0063,-0.5281,-0.0383,-0.0456,-0.1731,-0.5047,-0.1251,0.012,0.0069,0.0586,0.0037,0.0018,-0.0545,0.0084,0.0245,0.0259,0.0064,-0.0064,-0.0675,-0.0052,-0.5837,-0.0025,-0.0055,0.0165,0.748,-0.0004,-0.0338,0.0055,-0.0112,-0.0185,-0.2096,-0.0328,-0.0622,-0.0473,-0.0047,0.0155,0.0021,-0.2164,-0.0014,0.5825,-0.0101,-0.0113,-0.0066,0.2689,-0.0084,0.0161,0.0266,0.0158,0.0279,-0.0032,0.0265,-0.0384,-0.0092,0.0006
208,5268,108,3,standing,0.0161,-0.6342,-0.0244,-0.0652,-0.1806,-0.6542,-0.3041,-0.0015,-0.0486,0.0202,0.0106,-0.034,-0.0308,-0.0015,0.014,0.0017,0.0366,0.0006,-0.0502,-0.009,-0.5478,0.0009,-0.0044,0.0019,0.7205,-0.0087,0.034,-0.0286,-0.036,0.0104,-0.2323,-0.0262,-0.0065,-0.0248,0.0017,-0.0044,-0.0009,-0.341,-0.0094,0.665,0.0022,-0.0224,-0.0081,-0.1601,0.0164,0.0069,0.0352,0.0084,0.0184,-0.0036,0.0117,-0.0434,-0.0075,0.0054
211,5271,108,3,standing,0.0108,-0.5764,-0.0183,-0.1549,-0.4338,-1.187,-0.2537,0.0415,0.1555,0.0634,0.045,-0.0737,-0.0786,-0.0177,0.0096,0.0574,0.0564,0.0554,-0.0617,0.0257,-0.5807,0.0069,-0.0153,-0.0249,0.6408,0.0055,0.0752,0.018,-0.0095,-0.0353,-0.1121,0.0232,-0.024,-0.0169,-0.0676,0.0215,-0.0003,-0.335,-0.0046,0.7847,-0.0038,-0.0111,0.0151,0.4153,-0.0071,-0.0114,0.0288,0.0279,0.0142,-0.0126,0.0382,-0.0377,-0.016,0.0074
212,5272,108,3,standing,0.0042,-0.5334,-0.0143,-0.0963,-0.1822,-0.5398,-0.1953,0.0125,-0.0171,0.0132,0.0443,-0.009,-0.0482,-0.0222,0.0173,0.0486,0.0201,0.0081,-0.5812,-0.0268,-0.5976,-0.0038,-0.0036,0.0013,0.6843,-0.0034,0.0009,-0.0107,-0.008,-0.0322,-0.0955,-0.0133,-0.0321,-0.0081,0.0163,0.0222,-0.0063,-0.2676,-0.0064,0.7084,-0.0122,-0.0045,0.0069,0.328,0.0041,0.0074,0.0294,0.0114,0.018,-0.0066,0.0202,-0.0313,-0.0148,0.0004
213,5273,108,3,standing,0.0038,-0.556,-0.0147,0.0184,0.1074,0.1266,-0.2866,-0.0226,0.0056,0.0165,0.0462,0.0052,-0.0268,0.005,0.0079,0.0388,0.0122,0.0005,0.133,0.0004,-0.5706,-0.0044,0.0025,0.0015,0.5501,0.0042,-0.0332,0.0045,0.0211,0.0032,-0.1365,0.0105,0.0438,-0.0046,0.0123,0.0052,-0.0034,-0.2339,-0.0087,0.6155,0.0012,-0.016,0.0104,0.3299,0.0109,-0.0011,0.0271,0.0082,0.0232,0.0162,0.0249,-0.0342,-0.0051,0.002
214,5274,108,3,standing,0.0063,-0.7478,-0.0304,-0.0254,-0.2036,-0.6007,-0.3091,-0.0388,-0.0542,0.1781,-0.0121,0.0207,-0.0156,0.0074,0.0121,0.0079,0.0238,0.0256,-0.3044,0.006,-0.5724,-0.0245,-0.0022,-0.0064,0.7288,0.0033,-0.0678,0.0049,0.004,-0.0067,-0.2875,0.0045,-0.0274,0.0272,0.025,0.0203,-0.0078,-0.2065,-0.0072,0.4886,-0.0098,-0.0046,0.0271,0.1542,0.0046,0.018,0.0042,0.0212,0.0165,0.0008,0.0242,-0.0357,-0.0112,0.0034
215,5275,108,3,standing,0.0068,-0.6792,-0.0268,-0.1473,-0.1766,-0.4942,-0.1405,-0.0228,0.0109,0.0198,0.0083,-0.004,-0.0043,0.0047,0.0079,0.0113,0.0139,0.0067,-0.1988,0.0032,-0.5303,0.0055,0.0042,-0.0231,0.714,0.0181,0.0207,0.0184,0.005,0.0036,-0.0935,-0.0165,-0.0117,-0.0252,-0.0072,0.0057,0.0028,-0.2569,-0.0112,0.5595,-0.013,-0.004,0.0204,-0.1968,0.0182,0.0083,0.016,0.0061,0.0041,0.0174,0.0174,-0.036,-0.008,0.0052
216,5276,108,3,standing,0.0105,-0.5799,0.0063,0.0926,0.0806,0.5308,-0.1111,0.0557,0.1124,-0.0045,0.0411,0.1551,-0.0447,-0.0523,-0.0323,-0.0375,-0.0184,-0.0054,-0.2408,0.0152,-0.5356,-0.0114,0.0121,-0.0134,0.6488,0.0215,0.025,-0.023,-0.01,-0.0044,0.0379,-0.0155,-0.1174,0.0282,0.0201,-0.0173,-0.0065,-0.1961,-0.0051,0.5689,-0.0172,-0.0028,0.0029,0.3544,0.0083,0.0188,0.0079,-0.0162,-0.0378,0.0077,0.0164,-0.035,-0.0065,0.0063
217,5277,108,3,standing,0.0038,-0.5477,-0.0113,-0.141,-0.178,-0.5594,-0.2231,0.0175,-0.1037,-0.0503,0.0378,-0.0106,-0.0227,-0.0088,-0.0203,0.0279,0.0124,-0.0012,1.1962,-0.0141,-0.5753,0.0025,-0.0018,0.0165,0.6236,-0.0122,0.0126,-0.0175,-0.015,0.0041,-0.0275,-0.0249,0.0042,-0.0407,-0.0143,0.0045,-0.0054,-0.2115,-0.0044,0.5941,-0.0029,-0.0052,0.0009,0.4562,0.0055,0.0024,0.0326,0.006,0.0263,0.0011,0.0146,-0.0348,-0.0104,0.0021
218,5278,108,3,standing,0.0357,-0.775,-0.0088,-0.122,-0.1731,-0.5712,-0.1562,0.0413,-0.3656,0.0713,0.0422,0.0043,-0.0217,0.0042,0.0217,0.0276,0.0048,0.0033,0.4928,0.0325,-0.5646,-0.0158,0.0022,-0.0602,0.6276,0.0588,0.0774,-0.0251,-0.0069,0.0007,-0.169,0.0121,-0.0729,0.016,0.0155,-0.04,0.0011,-0.316,-0.0114,0.6126,-0.0061,-0.0173,0.0001,0.4479,0.0245,0.0088,0.0239,-0.0001,0.006,-0.0152,0.0134,-0.028,-0.0048,0.0061
219,5279,108,3,standing,0.0418,-0.6847,-0.0043,-0.1093,-0.366,-0.9671,-0.0735,0.0042,0.1424,0.0671,-0.022,-0.0308,-0.0111,-0.0415,0.0277,0.0352,0.0058,-0.0252,1.1331,0.0168,-0.5805,-0.0081,-0.0047,0.0154,0.6771,0.0147,0.0371,-0.0334,-0.0342,0.0049,0.1219,0.0055,0.0105,-0.0013,0.0417,0.008,0.0011,-0.2406,-0.0082,0.4581,-0.0078,-0.0237,0.0046,0.3507,-0.0024,0.0074,0.0083,0.0003,0.0089,0.0103,0.0223,-0.0361,-0.0143,0.0024
220,5280,108,3,standing,0.0226,-0.782,-0.0138,-0.0715,-0.1662,-0.4525,-0.3673,0.0042,-0.0117,0.0333,-0.0064,-0.0283,-0.029,-0.0077,0.0201,0.0368,0.0222,-0.0311,0.5016,-0.006,-0.5784,-0.007,0.0025,-0.0409,0.7181,-0.0327,0.0096,0.0183,-0.0115,-0.0158,-0.1899,-0.0166,-0.0621,-0.0083,-0.0015,0.0221,-0.0046,-0.2115,-0.0035,0.6619,-0.002,-0.0146,-0.007,-0.2314,-0.0134,-0.003,0.0057,0.0064,0.0267,-0.005,0.0373,-0.0355,-0.012,0.0052
221,5281,108,3,standing,0.0246,-0.5436,-0.0106,-0.1172,-0.3742,-0.8597,-0.232,-0.0434,-0.1558,0.0089,0.011,0.0225,0.0002,0.0128,0.0138,0.0071,0.0257,-0.0166,-0.0268,0.0008,-0.57,-0.0128,-0.0131,0.0189,0.7537,-0.0071,-0.0264,-0.0285,-0.0327,-0.0049,-0.1573,-0.0106,-0.0244,-0.0058,-0.0233,-0.0009,-0.0056,-0.2086,-0.0033,0.4362,-0.0154,-0.0026,-0.0029,0.3503,-0.0021,0.0104,0.0271,0.0006,0.0115,-0.0075,0.0357,-0.0266,-0.0082,0.0074
222,5282,108,3,standing,0.0213,-0.7169,-0.0045,-0.1485,-0.1463,-0.4622,-0.1861,-0.0028,0.1144,0.0833,0.0463,0.0242,-0.0678,-0.0109,0.0159,0.0148,0.0316,-0.0012,-0.6761,-0.033,-0.5224,0.0009,0.0062,0.025,0.7202,-0.0167,-0.0242,-0.0036,-0.0223,-0.0306,-0.2544,-0.0177,-0.0212,-0.0676,-0.0086,-0.0044,-0.0046,-0.2157,-0.0039,0.5253,-0.0117,-0.0087,0.0008,0.2182,-0.0068,0.0215,0.037,0.0021,0.0186,0.011,0.0287,-0.0345,-0.0121,0.0034
223,5283,108,3,standing,0.0052,-0.6195,-0.008,-0.0369,-0.1711,-0.4867,-0.1805,-0.0006,0.0008,0.0137,0.0177,0.0062,-0.0298,-0.0009,0.0102,0.024,0.0279,0.0071,0.4916,-0.0321,-0.5536,-0.0054,0.0031,0.0104,0.5349,0.0162,-0.0135,-0.009,0.0084,-0.017,-0.2228,-0.0369,-0.0621,-0.0178,-0.0121,0.0154,-0.003,-0.2266,-0.0036,0.6373,0.0024,-0.0111,0.0051,-0.3649,0.0052,0.002,0.0281,-0.0005,0.0132,-0.0013,0.0281,-0.0329,-0.0111,0.0032
224,5284,108,3,standing,0.016,-0.769,-0.0018,-0.0614,-0.1627,-0.4949,-0.4626,-0.0466,0.0343,-0.0311,-0.0114,0.0153,-0.0297,-0.007,0.0098,0.0327,0.0375,0.0147,-0.1389,-0.0038,-0.5564,0.0033,0.0031,-0.0133,0.7171,0.0216,0.0264,0.0248,-0.0215,-0.0263,-0.2533,-0.0279,-0.1621,-0.0427,-0.0096,-0.0124,-0.0044,-0.2688,-0.0082,0.7516,-0.0109,-0.0011,-0.0051,0.3834,-0.008,-0.0106,0.0195,0.0024,0.0204,-0.0157,0.0367,-0.035,-0.0112,0.0036
225,5285,108,3,standing,0.0012,-0.6892,-0.0273,-0.0465,-0.0949,-0.3932,-0.3464,-0.0002,0.0361,0.0364,-0.0581,-0.0058,-0.0262,-0.0134,0.012,0.0323,0.0046,-0.0102,-0.2565,0.0023,-0.5729,-0.0146,-0.0086,-0.0002,0.6093,-0.0314,-0.0631,0.0038,-0.0124,-0.0258,-0.2194,-0.0263,-0.0093,0.0014,-0.0142,-0.0013,-0.0024,-0.2152,-0.0063,0.472,0.0002,-0.017,0.0064,0.4873,0.0168,0.0105,0.0382,-0.0027,0.0142,-0.0007,0.0258,-0.0416,-0.01,-0.0011
226,5286,108,3,standing,0.0406,-0.7813,-0.0651,-0.0931,-0.1475,-0.4974,-0.5004,0.1273,-0.2513,-0.2552,-0.0706,0.1142,-0.0289,0.0412,0.0083,0.0401,0.0539,0.1228,1.3809,-0.0853,-0.548,-0.0284,0.0029,-0.1354,0.5534,0.1262,0.1361,0.0562,0.0137,0.0668,-0.2972,-0.1774,-0.1331,-0.0225,-0.1332,0.1435,0.0001,-0.207,-0.0089,0.4963,-0.0026,-0.0182,-0.0055,-0.2392,-0.0455,-0.0262,0.0572,-0.0118,0.0286,-0.0183,0.0356,-0.0273,-0.0103,0.0056
228,5288,108,3,standing,0.0013,-0.7085,-0.0468,-0.0764,-0.2466,-0.5534,-0.2445,0.0116,-0.1571,-0.0056,0.1352,-0.0803,-0.0173,-0.008,-0.0349,0.0503,0.044,0.061,0.1056,0.0231,-0.575,-0.003,-0.0043,0.0107,0.6057,0.0323,0.1655,0.0117,0.0134,-0.0174,-0.1736,0.0552,0.0313,-0.0288,-0.1114,0.0135,-0.0077,-0.2056,-0.0128,0.6236,-0.0043,-0.0124,-0.0032,-0.3304,-0.0006,-0.0222,-0.0021,0.0258,0.0361,-0.0009,0.0212,-0.036,-0.0067,-0.0032
229,5289,108,3,standing,0.0006,-0.5895,-0.0097,-0.0253,-0.1579,-0.4761,-0.4668,0.0171,-0.0025,0.0352,0.0067,-0.0041,-0.0229,0.0105,0.0129,0.0342,0.0309,0.0003,2.2324,-0.0047,-0.5967,0.0005,0.0005,0.0075,0.6383,-0.0022,0.0054,-0.001,-0.0081,-0.026,-0.1757,-0.0084,0.0254,-0.0425,-0.0011,-0.0051,-0.0034,-0.2207,-0.0071,0.5876,-0.0156,-0.0126,0.0206,0.5705,0.0024,0.0134,0.0481,-0.0025,0.0075,0.0064,0.0026,-0.0394,-0.0149,0.0065
230,5290,108,3,standing,0.0171,-0.4899,-0.023,0.0095,0.0144,0.2787,0.2414,-0.0386,-0.0207,-0.0608,-0.0634,-0.0363,-0.013,-0.0333,-0.0174,-0.0056,0.05,0.0107,0.0664,-0.0404,-0.5828,-0.0165,-0.0061,0.0622,0.7026,-0.102,-0.0183,0.0412,-0.0417,0.0124,-0.2261,-0.034,-0.0532,0.0095,-0.0464,0.0218,-0.0057,-0.2405,-0.0016,0.5649,-0.0046,-0.0129,0.016,0.1182,0.0368,-0.0111,0.0133,0.0004,0.0238,0.0106,0.0329,-0.038,-0.0068,0.0074
234,5294,108,3,standing,0.0026,-0.6576,-0.0201,0.0721,-0.2094,-0.3937,-0.2858,-0.0324,0.0405,0.0256,0.0603,-0.014,-0.0173,-0.0162,0.0067,0.033,0.0216,0.047,-0.1093,0.0166,-0.5538,-0.0108,0.0011,-0.0388,0.6909,-0.0065,-0.0224,0.0163,-0.0367,0.0202,-0.0569,-0.031,-0.0474,-0.0338,-0.0353,0.0315,0.0029,-0.3123,-0.0048,0.678,-0.0026,-0.0123,0.0142,0.4333,-0.0008,-0.0008,0.0317,-0.0044,0.0084,-0.0022,0.0207,-0.0348,-0.0097,0.0011
235,5295,108,3,standing,0.0132,-0.4666,0.0251,-0.0834,-0.0647,-0.2468,-0.2889,-0.0153,-0.0808,0.0174,-0.0011,-0.0222,-0.037,0.0177,0.0097,0.0262,0.0047,0.0027,0.7122,0.0147,-0.5633,0.0045,-0.0034,0.0254,0.6711,-0.0062,0.0043,-0.0246,-0.0286,-0.0112,-0.2064,0.0087,0.0016,-0.0278,0.0202,-0.0063,0.0046,-0.3361,-0.0036,0.4528,-0.0054,-0.0182,-0.0016,0.1643,-0.0111,-0.0025,0.0488,0.0364,0.0267,0.005,0.0191,-0.0323,-0.0114,0.0024
236,5296,108,3,standing,0.0352,-0.6461,-0.0136,-0.0814,-0.1647,-0.5481,0.0338,0.0208,0.0287,-0.1543,0.1216,-0.0646,-0.046,0.011,0.012,0.0239,0.01,0.0034,1.4458,-0.0051,-0.5779,0.0038,0.0023,0.0142,0.5224,0.017,0.0011,-0.0143,-0.0084,-0.0118,-0.1262,-0.0185,-0.0563,-0.0083,0.0124,0.0046,-0.0024,-0.3739,-0.0052,0.5909,-0.0114,-0.01,-0.014,0.6011,0.0063,-0.0053,0.0199,0.008,0.0323,-0.0082,0.0237,-0.0347,-0.0058,0.0004
238,5298,108,3,standing,0.0158,-0.675,0.0081,-0.141,-0.2209,-0.7603,0.0932,0.0032,0.0061,0.0356,0.0158,-0.0204,-0.0329,-0.0107,0.0107,0.0198,0.0026,0.0067,-0.1894,0.0026,-0.582,-0.0116,0.0019,-0.01,0.648,0.0089,0.0065,0.0043,-0.0266,0.0138,-0.1526,0.0024,-0.0175,-0.0347,0.0061,-0.0084,-0.0007,-0.213,-0.0021,0.6746,-0.0123,-0.0101,-0.0147,0.3559,0.0252,-0.0014,0.0169,0.0266,0.03,0.0156,0.0154,-0.0346,-0.0114,0.0045
239,5299,108,3,standing,0.0051,-0.5229,-0.0257,-0.0634,-0.1596,-0.5071,-0.1241,-0.0056,0.002,0.0152,0.0315,-0.0016,-0.0481,-0.0056,0.0098,0.0411,0.0068,0.0076,-0.3301,-0.015,-0.5878,-0.0103,0.0004,0.0128,0.7278,-0.0382,0.0035,-0.0104,-0.0181,-0.0043,-0.183,-0.0253,-0.0043,-0.0246,0.0074,0.0064,-0.0039,-0.2288,-0.0054,0.7653,-0.0041,-0.0158,-0.0082,0.5068,-0.0054,-0.0054,0.0181,0.0151,0.0127,0.0032,0.0143,-0.0364,-0.005,0.0009
240,5300,108,3,standing,0.0483,-0.537,-0.04,-0.1283,-0.245,-0.3725,-0.0507,0.1166,-0.1713,-0.018,-0.014,0.0047,0.047,-0.0467,0.0638,-0.0037,0.0054,0.0058,0.3731,-0.0287,-0.5669,0.0053,-0.0003,0.0162,0.6361,-0.0102,0.0153,-0.0262,-0.0426,0.0365,0.043,-0.0381,-0.0213,0.0071,-0.0099,-0.0178,-0.0046,-0.2496,-0.0036,0.3455,-0.0077,-0.0112,-0.0145,0.1943,0.0183,0.005,0.036,0.025,0.0383,0.0027,0.0245,-0.0345,-0.0114,-0.0003
245,5305,108,3,standing,0.033,-0.7311,-0.0112,-0.0952,-0.1955,-0.5506,-0.374,-0.0012,-0.0267,0.0341,-0.0207,0.0105,-0.0287,-0.0055,0.0214,0.0144,0.0204,-0.0233,-0.4463,-0.0312,-0.5786,-0.0007,-0.0151,0.027,0.5173,0.0278,0.0014,0.0107,-0.0253,0.0002,-0.2417,-0.0366,-0.0278,-0.0551,-0.0175,0.0268,-0.005,-0.3479,-0.0075,0.5762,0.0004,-0.0148,0.0058,-0.2568,-0.0006,-0.01,0.0226,-0.0035,0.0097,-0.0107,0.0208,-0.0387,-0.0122,-0.0041
246,5306,108,3,standing,0.0252,-0.5796,-0.0218,-0.1476,-0.1853,-0.5639,0.1032,0.05,-0.1726,-0.0167,-0.0574,-0.0515,-0.0167,-0.0221,0.0168,0.0352,0.0246,0.0684,-0.6297,0.0118,-0.5782,-0.0202,-0.0079,-0.0204,0.7772,0.0273,-0.0577,-0.0567,-0.0752,-0.0551,-0.3212,0.037,-0.1455,0.0504,-0.0332,0.0045,-0.0063,-0.3438,-0.0021,0.7033,0.003,-0.0109,-0.0104,0.5455,0.0022,-0.0111,0.0568,0.0159,0.0206,0.0089,0.0175,-0.0393,-0.0104,-0.0009
247,5307,108,3,standing,0.0222,-0.5358,-0.058,-0.0496,-0.1389,-0.4221,0.052,0.0161,0.0716,-0.1712,-0.1878,-0.0808,-0.1094,0.0089,0.0266,0.0084,0.0256,-0.057,-0.3164,0.0174,-0.596,0.0062,-0.0074,-0.0573,0.7702,0.0001,-0.0305,-0.0511,0.0011,-0.022,0.0076,0.0023,-0.1031,0.0277,0.0124,0.0137,0.0003,-0.2589,-0.0093,0.558,0.0056,-0.0209,0.0018,-0.2233,0.0243,0.0076,0.0237,0.0002,0.0206,0.0167,0.0194,-0.0327,-0.0122,0.0021
248,5308,108,3,standing,0.0446,-0.4961,-0.0662,-0.0707,-0.1776,-0.4532,-0.0782,0.174,0.2105,0.2118,0.2771,-0.0527,-0.0193,-0.0512,0.0508,0.0547,0.0383,0.0123,0.012,0.0459,-0.5794,-0.0233,0.0248,-0.034,0.5172,-0.0518,0.0589,-0.0344,0.0475,0.0157,-0.1258,0.0035,0.0604,-0.0037,-0.0018,-0.0252,0.0046,-0.3044,-0.0025,0.5979,-0.0079,-0.0154,-0.0062,0.6733,0.0147,0.0286,0.0201,0.0063,0.0054,0.0086,0.0479,-0.0285,-0.0088,0.004
249,5309,108,3,standing,0.032,-0.5764,0.0042,-0.0433,-0.1586,-0.5376,-0.2519,-0.0284,0.1633,0.1723,-0.2832,-0.0124,-0.0536,0.0279,0.0086,0.0102,0.0477,-0.0565,-0.4642,0.0035,-0.5874,-0.0013,-0.004,-0.0313,0.6274,0.0183,0.0036,-0.0238,0.0122,-0.0171,-0.1874,-0.0636,-0.1186,-0.0196,-0.0119,-0.0107,-0.0044,-0.2221,-0.0095,0.6692,-0.0165,-0.0073,-0.005,0.5671,-0.0046,0.0132,0.0238,-0.0057,0.0202,-0.0014,0.0017,-0.0417,-0.0142,-0.0021
250,5310,108,3,standing,0.0284,-0.7665,-0.0049,0.1312,-0.2821,-0.9631,-0.313,-0.0626,-0.0379,-0.2883,-0.0164,-0.0058,-0.0369,0.025,0.0449,0.1087,0.0591,-0.0521,1.7687,-0.1058,-0.5848,0.0035,-0.0015,-0.0214,0.6386,-0.0061,-0.0224,-0.0143,-0.0105,-0.0074,0.0171,0.0261,-0.1045,-0.029,-0.0467,0.0132,-0.0071,-0.2027,-0.0027,0.6369,0.0076,-0.0163,-0.0113,0.5561,-0.0055,-0.0207,0.0384,0.0256,0.0236,-0.0075,0.0311,-0.0343,-0.0104,0.0082
252,5312,108,3,standing,0.0088,-0.6302,-0.0338,-0.0682,-0.1706,-0.563,0.2175,0.0545,-0.1378,0.0368,0.0015,0.0102,-0.0414,-0.0244,0.0373,0.0356,0.0474,0.0093,0.1631,0.0571,-0.5699,0.003,0.0014,0.0133,0.7502,0.0253,0.041,0.0445,0.0263,0.0074,0.0235,0.0406,0.1564,0.0367,0.0516,-0.0321,-0.0021,-0.2386,-0.0069,0.4828,-0.0045,-0.0167,0.0254,0.5191,-0.0061,0.0255,0.0369,0.0278,0.0065,-0.0012,0.0226,-0.0319,-0.0065,0.0032
253,5313,108,3,standing,0.0028,-0.5135,-0.0037,0.16,0.3058,0.9752,-0.3864,-0.0107,0.0175,-0.0124,-0.0157,0.0204,-0.0279,0.0066,0.0139,0.0473,0.0115,0.0082,0.007,-0.0032,-0.5532,0.0007,0.0055,0.0022,0.7006,0.01,0.0133,0.0238,0.0111,-0.0072,-0.1325,-0.0261,-0.0502,0.0014,0.007,0.0085,-0.0064,-0.2273,-0.0088,0.5552,-0.0131,-0.0131,0.0176,0.3044,0.0213,-0.0055,0.0438,0.0097,0.0066,0.014,0.0266,-0.0441,-0.0065,0.0068
254,5314,108,3,standing,0.0261,-0.5287,-0.0047,-0.0553,-0.165,-0.4685,-0.1843,-0.0037,-0.0689,0.1234,-0.0805,0.1231,-0.0868,0.012,0.0437,0.0451,0.0509,0.0385,-0.2708,0.0269,-0.5688,0.0035,-0.005,-0.0417,0.7303,-0.0013,0.0037,-0.0031,-0.0162,-0.0166,-0.2246,0.0028,-0.041,0.0173,0.0455,0.0101,-0.0024,-0.2148,-0.0024,0.4914,-0.0071,-0.0077,0.0016,-0.307,0.0263,0.0172,0.0473,-0.0053,0.0356,-0.0004,0.0192,-0.0349,-0.01,0.0038
255,5315,108,3,standing,0.003,-0.5627,-0.0171,-0.0133,-0.1522,-0.5399,-0.0982,-0.011,0.0112,0.0531,-0.0256,-0.0138,-0.0382,-0.0064,0.0203,0.0288,0.0215,-0.0052,0.3684,0.0325,-0.5729,-0.0117,-0.0027,-0.0083,0.5987,0.0005,0.0365,-0.0364,-0.0096,0.0031,0.0569,-0.0137,0.0557,0.0048,0.0012,-0.0028,0.0051,-0.23,-0.0086,0.6253,0.0027,-0.0094,-0.009,-0.2288,0.0137,-0.0177,0.027,-0.0043,0.0154,-0.0026,0.02,-0.0343,-0.0157,0.0014
