candidate_id,window_id,subject_id,activity_id,activity_name,value_0,value_1,value_2,value_3,value_4,value_5,value_6,value_7,value_8,value_9,value_10,value_11,value_12,value_13,value_14,value_15,value_16,value_17,value_18,value_19,value_20,value_21,value_22,value_23,value_24,value_25,value_26,value_27,value_28,value_29,value_30,value_31,value_32,value_33,value_34,value_35
294,5906,108,5,running,-0.2054,2.6331,-0.3228,-0.0468,0.2139,-2.2087,-0.7335,0.053,-1.715,0.0646,-0.2826,0.9403,-0.1644,0.5536,-1.3448,-0.6193,1.6707,2.51,-2.6642,0.2025,-2.1143,-0.1935,-0.6523,0.2259,-0.275,-0.6457,-1.2398,-0.6467,-1.3042,-0.1601,0.0625,2.3298,1.2392,0.0373,2.1472,-0.55
244,5856,108,5,running,-0.6512,-0.6469,-0.8406,0.1649,-0.7592,-0.1057,0.2867,0.3126,-2.4059,-0.8449,0.5864,-0.2059,-0.767,-1.1225,1.324,0.8264,-0.4584,-1.6285,-1.4633,-0.2538,-1.3008,-0.106,0.3468,-0.3446,0.1686,1.7288,2.0889,0.848,0.5398,-0.0838,-1.8483,-1.7102,-2.1678,0.2324,-1.5892,-0.0597
295,5907,108,5,running,1.4743,-2.7207,0.873,1.9659,-0.3946,-2.0468,1.1739,0.2915,1.5536,-0.4697,0.4086,-0.6063,0.0336,0.1132,1.445,-0.246,0.3709,-0.215,0.5684,-0.2893,-0.227,-0.1103,-0.2367,0.7006,0.755,1.6808,1.1298,-0.5733,-0.2125,-0.0307,0.173,2.072,1.1572,0.2959,-2.0035,0.4569
278,5890,108,5,running,-2.4056,2.2397,0.9837,-0.5108,-2.1404,-0.3708,1.5791,-0.647,-2.4526,-0.6642,-0.7568,-2.4691,-0.6536,0.6621,0.2858,-0.4535,1.7386,-3.0642,0.255,0.2946,0.3692,0.3249,-0.6535,-0.2482,0.5235,-2.027,-0.863,-0.2249,-0.3046,0.491,0.1024,-0.3334,-0.8037,-0.4647,-3.448,0.4704
279,5891,108,5,running,-2.6116,-1.4704,0.1597,1.0033,1.7239,0.0532,-1.0524,-3.223,0.5343,-0.2245,0.1636,0.7279,0.5812,0.7856,0.5067,0.7598,0.0898,2.0682,0.7201,1.7352,0.6392,0.3729,0.6778,-0.3757,0.5548,0.0663,2.7608,-0.6065,-0.6678,0.7462,0.1993,3.8161,-0.1402,-0.2092,2.2865,-0.6885
202,5814,108,5,running,-0.3365,-0.4762,0.0677,0.1684,-1.8702,-1.1048,0.7554,0.3603,2.6965,0.3947,0.4887,-1.3177,-0.0651,-0.2052,0.3284,0.8541,-0.5643,0.6478,-1.0385,0.4027,0.0955,0.502,1.5458,0.7087,0.1417,1.5726,1.3184,0.0896,-2.373,0.2834,1.449,2.6264,2.6466,-0.2035,0.4653,0.1168
226,5838,108,5,running,-1.6402,-1.0664,-3.409,-3.2373,-2.8328,0.1773,0.7659,2.3372,0.5587,-0.5277,0.3555,-0.2542,1.4839,-1.2584,0.2949,-0.3041,-0.1736,2.5622,-2.3454,0.776,-0.3353,-0.1666,0.003,-0.212,0.4114,1.7638,-0.5497,0.0857,0.1345,-0.0964,2.2655,-2.6656,-0.0139,-0.004,2.0775,-0.1505
275,5887,108,5,running,0.2886,-1.3274,0.3552,1.3765,-0.2479,2.3073,0.3149,-0.1145,-0.7627,-0.2023,-0.783,-0.3026,0.1373,0.4223,0.536,-1.028,0.6685,2.1185,3.3354,0.1796,-1.77,0.6095,0.0885,0.6807,-0.1844,0.0903,1.8927,0.6074,-0.3255,-0.7631,0.3187,0.3369,1.2981,-0.5759,1.0838,-0.6097
239,5851,108,5,running,0.7503,-2.0584,-0.3079,1.528,1.3805,0.5579,-2.102,-0.233,0.0848,1.4885,0.8874,-0.6644,-0.3752,-1.6448,-0.1683,0.0295,0.4358,-2.8197,-0.2541,0.1076,1.5676,0.0477,-0.0875,-0.357,-0.1357,-0.3465,-0.4679,-0.5339,0.31,-0.1407,1.3188,-2.7756,2.1767,-0.3239,2.3378,0.4896
204,5816,108,5,running,-0.0042,-1.1851,-2.2008,0.1022,0.8547,3.3876,4.2035,0.6343,2.2207,-0.4552,-0.3048,1.3604,0.7399,1.0016,-0.1591,-0.1805,-1.1668,2.225,1.329,0.1735,1.0984,-1.3458,-0.2876,0.1358,-1.1366,0.2373,1.8267,-0.6632,-1.7024,-0.127,-0.6733,0.5558,1.8372,-0.1068,-1.4448,0.4364
197,5809,108,5,running,0.5534,-0.2572,-1.0454,2.4447,0.4545,-0.2837,-0.5623,0.0847,1.4246,-1.1373,-0.5463,0.674,-0.0607,-0.2835,0.3764,0.5616,0.567,-0.2339,0.0939,0.216,0.223,-3.2107,-0.2357,-0.0965,0.3729,0.7675,1.8838,-0.4692,-0.3267,-0.5124,-0.1409,-2.0393,-0.5789,-0.567,0.4499,0.7878
203,5815,108,5,running,-0.1107,0.7021,0.5455,-3.1049,-0.0944,2.6562,2.2305,0.4266,1.1162,1.7718,1.6284,0.7257,-0.4604,0.1797,0.0894,0.4442,0.5262,1.1874,2.8423,0.1549,0.1655,0.4326,0.6559,-0.5806,-0.228,-0.079,2.1484,-0.2509,-0.7437,-0.6504,-0.0426,3.5303,1.4875,-0.5192,-1.1308,-0.8176
235,5847,108,5,running,-0.2154,1.2593,-1.8839,-1.1088,0.2739,-0.6184,2.1377,0.5713,-2.3487,2.4302,0.4834,0.5546,-1.207,0.3834,0.8691,0.2936,0.087,-0.1233,-1.7376,0.0626,-3.1662,0.5347,-0.2136,-0.0937,0.2755,0.1053,1.5324,-0.2279,-0.378,-0.4087,-0.1606,0.4602,0.8579,-1.8837,1.1071,0.7487
282,5894,108,5,running,-0.281,-1.0586,0.6148,0.5116,-2.1694,2.2719,-0.438,0.1133,3.0794,1.7779,0.3348,1.6004,-0.015,-0.543,-1.8613,0.764,0.0285,-1.1274,-2.8093,0.388,-0.5728,0.0158,0.2678,-0.2837,-0.1726,-0.2784,-1.4626,-0.0268,-0.2543,-0.1539,-2.1664,-2.8359,0.8156,-0.5116,-1.2258,-0.1277
229,5841,108,5,running,-1.1146,0.0437,-1.0936,1.3697,1.2668,0.6463,0.6664,-0.577,-0.3349,-1.1826,-0.6104,1.985,-1.4142,1.3825,0.8793,1.2657,0.8887,0.1105,0.1366,1.0208,1.7345,-0.5056,-0.3332,0.4422,0.3887,0.4502,-1.0065,0.7356,0.4043,-0.2672,0.2426,4.3603,-1.0005,-0.4019,0.6801,0.5279
221,5833,108,5,running,-0.4161,-2.0768,0.4705,0.6118,2.3708,3.8175,-0.4057,-1.0459,-0.2848,-0.2807,0.7141,1.8002,0.4429,0.1032,1.8799,-0.1457,0.1376,-1.0436,3.4782,-0.1823,1.2556,-1.1154,0.0947,0.0215,-0.5789,0.454,0.3085,-0.0597,-0.403,0.2386,-1.2162,-1.6073,-1.305,0.5457,-2.679,0.2034
281,5893,108,5,running,-0.2471,0.0306,-2.214,-0.5494,3.6917,0.1408,0.3502,0.3048,-1.6532,0.6434,-0.7135,-1.1664,-0.3759,-1.0684,-0.4345,0.0474,-0.1554,-1.0463,-0.0768,0.1422,1.1893,0.2045,0.482,-0.0106,0.233,-0.2117,-2.1129,0.1524,1.1594,1.6279,-1.4834,1.3463,-0.0492,-0.7846,-2.2065,0.7376
263,5875,108,5,running,-1.3268,-0.2525,-0.2305,-2.0034,-0.7526,-2.3825,-0.8089,0.5168,-1.308,0.3965,-0.5699,0.0022,-0.2897,-0.5895,0.4022,0.4008,-0.7842,-0.0876,-2.1823,0.1098,-2.0868,-0.6657,0.6317,-0.5859,-0.2744,-0.4449,-1.2498,0.6652,-0.027,-0.4065,0.1844,3.706,0.6147,-0.7129,1.6545,0.0483
243,5855,108,5,running,-1.0728,-0.3285,1.1105,-3.0477,-0.4426,-0.5153,-0.3237,1.4538,0.7524,1.2905,-1.0886,-1.2446,0.5179,-1.8305,-1.329,-0.8186,-0.4785,1.3323,0.8854,0.7772,-1.7406,-1.003,-0.258,0.4548,0.0247,0.166,-1.7099,-0.4458,0.3888,2.7287,-1.0338,-2.1744,1.7254,-0.6302,0.3803,-0.309
230,5842,108,5,running,-0.5243,1.5087,-1.228,3.228,-0.8637,-0.3763,0.173,0.0028,-0.6442,-0.358,-0.0294,-0.8574,0.5585,0.2607,-2.4432,-1.4855,0.3636,0.3779,-2.7771,0.516,0.8665,-1.5054,0.4627,-0.0986,-0.4636,0.3428,-1.4998,0.153,0.0944,-2.2384,-1.3255,-2.409,-0.8035,-0.6135,-1.1283,-0.2562
280,5892,108,5,running,-0.043,1.7492,0.512,0.5415,2.839,0.7674,-2.5535,1.5755,-1.2559,0.5151,-0.268,-1.4752,-0.085,0.5765,-0.0782,0.0309,0.2834,0.419,-1.2129,0.5688,-2.5298,-1.1304,-0.2127,0.2848,-0.2334,-0.2176,-1.8549,0.1296,-0.1002,-0.0744,0.3378,-1.5633,2.0369,0.4887,-1.5247,-0.1947
223,5835,108,5,running,-1.0232,0.243,-0.2039,1.4525,-2.7929,0.653,0.5268,0.1009,-0.5324,0.1745,0.4076,-3.7663,0.3777,0.0369,0.6332,-0.5045,-0.5829,0.8737,-1.835,-0.4155,1.7497,-0.2384,0.1338,-0.669,0.099,1.4745,-1.7766,-0.5327,-0.3203,-0.3843,0.1134,3.348,0.8837,0.2593,2.4799,-0.789
246,5858,108,5,running,-0.0043,-0.0283,-0.184,-1.2276,0.0398,0.7222,1.1746,0.1604,3.5886,-1.1464,0.4426,0.1258,-0.6758,0.1324,-2.737,-0.5339,-0.106,-0.676,0.0824,-0.2342,-0.1722,-1.0437,0.8784,0.2635,-0.548,0.7837,-2.693,0.8037,-0.3865,0.2187,0.6557,-1.7226,1.3076,-0.0172,1.7694,0.3364
249,5861,108,5,running,-0.6087,1.842,0.3694,-0.0564,-2.6372,-0.0407,-1.3345,1.4489,2.4535,-2.4433,1.0203,0.0245,-0.342,-0.358,-0.0463,-2.3242,-1.0273,0.6245,0.4226,-0.108,-0.2742,-0.0243,-0.0032,0.0585,-0.0887,1.835,-0.7717,-0.5122,2.4077,0.026,-2.2222,-2.565,2.255,1.775,1.7033,0.1308
296,5908,108,5,running,-1.5243,-0.7773,-0.7316,1.0057,2.476,0.0104,-1.7249,0.185,0.7574,-0.2279,0.3189,0.5396,1.7174,0.1864,0.4846,-0.3108,0.0534,-1.2053,0.5814,-0.3434,-0.3747,-0.2004,0.0425,-0.1128,-0.343,0.4117,-1.1592,0.4628,-0.7845,0.7877,-0.1129,2.3664,-0.046,0.0282,-2.7352,0.0526
286,5898,108,5,running,-0.2883,-1.5847,0.6734,1.4773,0.7605,3.0492,-0.2237,-1.1732,1.8246,-0.3429,0.0142,-0.2837,-0.0335,-0.6323,-0.8826,1.8599,-2.3541,0.027,0.5486,-0.2059,-1.7892,0.2439,0.5579,-0.0429,-0.3524,0.1253,1.5634,-0.7868,-0.6285,0.5838,3.4574,0.3204,0.8108,-0.4657,0.2153,-0.1902
201,5813,108,5,running,-2.5576,-0.5342,-0.2843,-1.2692,0.3442,-2.7358,0.577,-0.3005,0.2885,-0.1284,0.2334,-0.1825,-0.7172,0.0434,0.07,1.1846,0.1397,-1.3766,2.229,-0.5065,1.2942,0.0944,-0.0925,-0.1542,-0.2685,0.024,1.6072,0.2604,1.6636,0.7565,-2.0818,-1.6585,1.1798,0.326,0.1217,-0.4369
247,5859,108,5,running,-0.5224,-0.324,0.7466,-2.1637,1.5744,1.7356,0.6693,-1.7207,-1.3244,-2.3429,-0.2828,-0.5333,0.5823,-0.1469,-0.3565,-0.5669,-0.4464,0.578,2.1445,-0.3865,-1.223,0.2442,-0.0739,-0.1656,-0.5611,1.6388,0.7335,-0.4564,-1.3442,0.2892,0.3155,1.0586,1.0093,-1.252,-1.2648,-0.6825
258,5870,108,5,running,1.5348,-1.1107,1.2485,-1.4383,0.7485,-0.7363,-0.4142,0.175,-0.4102,-2.3509,-1.2097,0.5477,0.4129,-0.3032,0.5868,-0.1127,0.6096,1.6606,-1.2009,0.1899,-2.2601,-0.0687,-0.1155,0.8084,-0.0298,-0.1572,2.4727,-0.3885,-0.5627,1.4183,0.0607,-1.5438,2.3064,-0.1299,0.8376,-0.2234
266,5878,108,5,running,-1.1574,-0.235,-0.1174,-0.6044,0.5485,3.5415,0.0668,0.6432,1.2839,-0.2862,-0.403,-0.3263,-0.7787,-0.1502,-0.4522,0.6105,-0.3126,-1.2572,0.5595,-0.1691,-0.7189,-0.477,0.1222,0.1242,0.217,-2.1098,0.0298,0.2841,0.7206,-1.7084,-0.7359,-2.3127,-0.0493,0.1755,-0.607,-0.6429
261,5873,108,5,running,-2.2656,-0.214,-0.102,-1.5397,0.1459,2.7285,0.3172,0.0548,1.6442,1.8915,-2.042,-1.5767,0.0538,0.4729,1.1073,-1.2259,0.2633,0.1446,-3.3263,0.4121,-0.0306,-0.585,0.2538,0.1807,0.1605,-1.6129,2.178,0.1783,0.113,-0.453,-0.6045,-1.7874,-0.2855,0.1682,1.0317,0.8455
231,5843,108,5,running,-2.7583,0.4233,1.9358,2.328,0.1602,1.3093,0.5256,0.0662,-1.1498,0.2877,-0.4783,-0.6884,0.2529,0.5123,-1.1539,0.6768,0.2374,0.0965,-2.3426,-0.1725,-0.7001,0.2369,0.0262,0.3656,0.2179,-1.4843,-1.0932,-0.0565,-0.3702,-0.3585,0.1574,1.2527,1.283,1.4368,-1.2402,0.4347
236,5848,108,5,running,-1.618,1.052,-2.166,-2.725,0.139,0.258,0.23,0.701,0.273,-0.749,-0.315,0.048,0.225,-0.18,-0.653,-0.415,0.689,0.52,0.234,-2.436,-0.881,-0.162,-0.18,-1.351,0.439,-0.389,0.098,0.357,-3.238,-0.282,-1.253,-0.332,0.273,-0.257,-0.103,0.389
250,5862,108,5,running,0.8743,1.2748,-0.8085,0.306,-2.8678,0.0165,0.3608,0.3444,-1.7948,-2.3668,0.7864,0.5833,0.3824,0.0811,0.7882,0.8577,0.8401,2.1829,0.0239,-0.2803,-2.0677,-0.4825,0.066,-0.2266,0.1455,1.4708,0.5172,-0.6129,-0.2037,0.3552,2.5772,-0.2336,0.1889,0.3376,0.0944,-0.6424
219,5831,108,5,running,-1.3743,0.1243,-1.245,2.0758,-0.8584,-1.2157,0.3725,0.615,0.3056,0.864,0.2349,-0.808,-0.1062,-0.092,-1.1018,-0.1626,-0.6355,-0.0687,-1.8157,-0.1635,-1.7463,0.6727,-0.1287,-0.2924,-0.0425,0.035,-2.557,-0.1304,-0.2462,0.4086,-2.3082,2.4804,-1.5899,-0.2086,0.1454,0.1648
198,5810,108,5,running,-1.4376,-0.6042,-1.8915,1.5393,-0.7816,2.0718,1.0242,0.2022,-0.7573,0.5309,-0.2787,0.4739,-0.0247,-1.3583,-1.627,-0.4767,0.3332,-2.2074,3.4888,0.0553,0.4724,0.4517,1.4502,-0.3272,-0.3204,-0.1656,-1.5288,0.3298,-1.5542,-0.8858,-1.1187,0.1229,-2.0464,-0.6225,-1.112,-0.1795
293,5905,108,5,running,1.7314,-0.6595,0.6313,2.123,-0.6242,-0.641,0.7939,0.6407,0.1453,-3.4578,0.0202,1.3857,1.397,0.662,1.4794,0.0694,1.1172,0.3579,-2.253,-0.4657,-0.1703,0.2802,0.7535,-0.3328,-0.0397,0.7808,0.2584,0.1054,-0.1045,-0.3487,0.136,-1.7097,1.5713,0.0479,-0.8749,-0.4563
277,5889,108,5,running,-0.4811,-0.5089,-0.4556,-3.53,0.886,0.2666,-2.1606,0.0059,0.333,-0.1829,0.726,0.3846,0.2193,-0.3784,-0.8665,0.2658,0.5332,3.3867,1.3003,-0.2697,1.5354,-0.3796,0.1632,0.2087,-0.1764,-0.2277,-1.4075,-0.3068,0.4493,-0.2342,0.7742,3.3793,-2.8799,0.2407,-0.3626,-0.1095
252,5864,108,5,running,-0.1378,-1.3425,0.4325,-1.735,-3.413,0.5061,1.1398,-0.253,-0.4666,0.5332,-1.8964,0.5321,0.0875,-0.3477,-0.5649,-1.1274,0.1404,1.3886,0.3878,0.5869,0.5408,-0.1255,0.4362,-0.6755,-0.1895,1.1625,2.1678,-0.0703,0.1507,-0.8871,-0.2159,-0.0146,-1.6384,1.4238,-0.7227,0.6835
211,5823,108,5,running,1.0167,-0.2777,-0.2552,-3.3588,0.7459,-1.4116,0.4058,0.0777,0.5354,0.4597,0.0749,0.7618,0.3029,0.2676,0.2895,-0.1056,2.1476,1.0227,3.2628,0.372,1.2735,-1.4431,0.3459,-0.0396,-0.0427,-0.2822,2.8433,0.2394,-0.4387,0.138,0.1503,1.5993,1.0088,-0.1583,0.3832,-0.3525
291,5903,108,5,running,-1.0581,-1.8763,-0.4544,-0.7167,-0.4155,0.7206,-0.4497,1.0578,0.5684,-0.6052,0.8596,-0.2893,-0.116,-0.4128,-0.767,1.7443,-1.3304,-0.7082,0.0891,0.7748,-2.7886,0.2093,-0.03,0.6187,-0.4512,0.4157,1.325,-0.2565,0.6724,0.4868,-0.677,-2.5376,0.1683,0.7764,0.2357,0.6069
287,5899,108,5,running,-2.2424,-0.768,-1.0479,1.1432,-1.0843,0.1325,1.6502,-0.3148,-2.3253,0.2787,-2.5544,1.6907,0.2174,-0.1008,0.2369,-0.5784,0.8544,0.1729,2.802,-0.4587,-1.5553,0.3793,0.6894,-0.4406,0.1937,0.7395,1.0265,0.0905,-0.106,-0.6326,-2.8784,-0.2975,0.242,-0.0253,2.5507,1.4065
238,5850,108,5,running,-0.0408,0.1272,-1.8166,-3.4008,-0.7452,-0.3243,-0.7857,0.0833,-1.1483,-0.3521,-0.175,0.4288,-0.5862,-0.4321,0.1255,-0.8773,-0.6462,-0.2418,-1.1325,0.0164,-1.309,-0.4273,0.1372,0.0543,-0.2112,0.6181,-1.6743,-0.2869,-0.0277,-0.6337,1.2682,2.1606,0.0342,0.0463,0.3775,-0.0185
269,5881,108,5,running,1.8532,-0.1853,2.3082,0.5024,1.5054,-3.0115,0.6596,-1.3727,-0.4899,0.2267,0.8758,-0.4377,-1.4866,0.5458,-1.3584,-2.6696,1.0237,2.4166,0.4331,0.0367,0.3445,0.8673,0.0429,-0.0147,-0.0826,-0.3042,2.833,0.501,0.8868,-0.4103,0.2859,1.3498,-1.0342,-0.232,2.652,0.0235
271,5883,108,5,running,-0.1113,-1.7852,-1.1123,-0.5354,1.711,3.2816,-0.7785,0.4833,0.5537,0.6067,-2.4158,-0.258,0.3336,0.2894,-0.2579,0.0321,0.5683,-2.2549,-0.0199,0.0256,2.0888,-1.6759,-0.3725,0.3665,-0.1282,2.2156,1.217,0.3294,0.2192,-1.1686,1.1453,0.8492,0.5603,-0.5623,-2.3783,-0.357
232,5844,108,5,running,-1.7053,-1.5334,-2.8559,0.2071,0.5073,0.4323,0.8343,-2.4749,-0.2875,0.1273,0.1598,-0.7766,-0.2688,-0.425,-0.4872,-0.6035,-0.1603,-0.3006,0.3047,0.4163,-0.0844,-0.1747,-0.0634,0.1652,0.235,1.6393,1.8389,-0.2232,0.0489,-1.7289,-1.0579,-0.3775,2.8527,-0.0565,-0.2648,-0.2323
270,5882,108,5,running,-0.0672,-0.7666,0.8317,-0.0101,-3.2891,4.4116,1.5858,0.1462,-0.4054,-0.0874,0.6678,1.6795,0.3383,-1.3224,0.0942,-0.0556,0.2783,-0.5478,2.0986,0.2854,0.4453,-0.6723,-0.0468,0.3693,0.6005,2.1807,-1.6184,0.5888,0.2729,-1.3838,-0.1764,-3.358,-0.0329,-0.4023,0.8149,0.1246
241,5853,108,5,running,-1.6544,-2.642,-0.8646,-1.762,-0.2827,-0.6027,-0.7503,-0.1393,-0.7324,0.0028,-1.8651,0.6869,-0.346,-0.2364,-0.0387,-0.2182,-0.4453,0.1735,-3.5532,-0.4776,1.6694,-0.0078,-0.1698,0.1397,0.4727,-1.6835,1.3497,0.7682,0.6594,0.3188,0.3816,-0.2379,2.5204,-0.2065,-0.2181,-0.0787
225,5837,108,5,running,-2.1047,-0.1288,0.7182,3.1472,-0.3438,-1.0349,-2.3842,0.6044,-0.6291,-0.1289,-0.5622,0.0232,-0.4357,-0.5205,-0.4472,0.6884,-1.173,-0.3298,0.7677,-0.0722,1.6439,0.189,0.3403,-0.2987,-0.0404,-1.4801,-2.2666,-0.2706,1.0683,-0.2684,0.2369,2.8865,0.0426,-0.5452,-2.8087,-0.8797
237,5849,108,5,running,-0.0871,0.1066,0.1881,2.6655,0.5448,-3.1051,0.0237,0.4278,-0.8781,-1.2566,0.7777,-0.7351,0.4569,0.6047,-0.5222,-0.1657,0.7739,-0.0376,0.8155,-0.0206,0.5705,-0.5829,0.0709,0.7269,-0.1815,0.8762,0.2763,-0.0887,0.1795,-0.1534,0.0824,-3.0868,0.1495,1.4106,-0.5101,0.0286
248,5860,108,5,running,-0.0355,-0.0336,0.2662,0.1307,-2.3224,0.4843,0.1333,-0.0033,0.6424,0.2768,-0.607,0.3498,0.154,-0.4805,-0.4796,-1.5522,1.1792,-0.175,-1.0822,0.4682,0.7434,0.61,-0.1618,-0.1148,0.2548,1.4634,-1.0508,0.1533,0.1825,-0.1367,-2.0305,-0.1423,1.8788,1.8912,-1.2884,-0.7656
233,5845,108,5,running,0.3,-2.8468,0.8556,1.6796,-0.4318,-0.0042,1.5877,1.7742,0.1071,-0.1553,-1.3243,2.4397,0.202,-0.3759,-0.5635,-0.0527,-0.3713,-0.0837,0.5323,-0.6654,-0.8888,0.1775,-0.1089,0.1685,0.2162,-2.6045,0.774,0.4236,0.1601,-0.173,-0.6278,-1.7829,-0.6577,0.0689,-0.4158,-0.2396
208,5820,108,5,running,-2.3323,-0.7582,-0.1489,2.1567,1.7457,0.6786,1.5429,-0.0394,2.7307,-0.655,-1.1447,0.5324,-0.37,0.2363,0.7252,0.4887,0.5254,-2.8256,0.1291,-0.3087,0.7567,0.3602,-0.1187,0.2667,-0.3015,0.2616,-0.2069,-0.5578,-0.1877,0.544,2.2806,1.1138,-0.2262,-0.4178,1.6984,-0.0249
205,5817,108,5,running,-2.4705,-1.7181,0.5423,-3.1417,-0.1397,-0.0645,2.4782,-0.5579,2.3908,-0.6248,0.0536,0.3698,0.2059,0.1904,-0.234,0.6349,-1.408,-2.2049,0.0243,0.2224,1.4452,0.2836,0.2707,-0.1894,0.0295,-1.833,-1.4195,-0.5143,0.6686,-0.2363,-1.6117,3.3594,-0.6196,0.4308,-1.1884,-0.2622
222,5834,108,5,running,-2.4322,-0.4567,0.627,1.2002,0.807,-1.4726,0.742,0.1224,0.0863,-0.6754,0.4543,-2.2075,0.135,0.2478,0.0387,-1.7602,0.8494,0.6644,0.0435,-0.308,2.2755,0.3366,-0.5792,0.2773,-0.1617,-1.8298,2.5175,-0.2389,1.0103,1.5199,0.2253,-0.3462,-0.3054,1.0442,2.2743,0.2295
276,5888,108,5,running,-1.3078,2.4557,1.0571,0.0504,-0.3739,-0.006,-2.0345,0.2091,0.1334,-1.5768,-0.2095,-0.078,0.3486,0.3468,-0.2069,1.1886,0.81,0.334,-0.1899,0.2829,-0.2874,-0.8734,0.3525,0.5764,0.1968,-0.2698,1.0477,0.2796,0.1143,-1.3454,-0.4397,0.3707,-2.0824,-0.5847,-0.4045,-0.5846
207,5819,108,5,running,-0.2257,-1.5763,0.249,-1.7786,-0.4163,-3.1759,-0.427,-0.0983,-0.7176,0.6086,-0.3529,0.2953,-0.5115,-0.0257,-1.0882,0.7533,-0.2502,-0.2666,0.6366,-0.3633,0.2833,-0.3504,0.0536,0.7603,0.2208,-2.179,-2.1489,0.8464,1.0207,-0.7697,1.1673,0.2928,2.6806,-0.1544,2.4443,-0.237
218,5830,108,5,running,-0.0201,1.8618,0.0478,0.4702,-0.5864,0.0924,-0.7837,0.0958,-0.7483,-2.7003,-0.6552,0.0633,-0.1488,-0.0577,-0.1864,-1.8934,-0.0742,-0.4682,-2.6821,0.0902,-0.4109,0.0158,0.1733,0.1564,-1.7604,-1.6932,-0.6157,0.8002,-0.8185,2.1225,-1.2139,1.2889,0.013,0.2293,0.4144,0.062
253,5865,108,5,running,-0.051,-0.4534,0.1549,-1.6474,-0.5537,-0.5617,2.2797,-1.8402,-0.2596,0.7662,-1.1606,-0.1478,-0.5875,-0.7768,0.5798,-0.4035,0.8229,-0.233,1.3285,0.3685,0.1678,-0.1067,-0.3149,0.217,-0.0523,0.1469,-3.063,-0.1178,0.238,1.4706,-2.7399,1.7484,0.8046,-0.1804,0.449,0.7635
289,5901,108,5,running,0.1125,-0.1208,-1.0553,-0.0324,0.7604,0.1642,0.2802,0.1808,1.504,-0.2053,0.8685,0.1836,-0.5062,0.4208,1.7252,0.5638,0.4768,-1.4669,0.2149,0.6683,-1.3425,-0.3872,-0.0144,-0.1073,-0.0458,0.5777,1.2567,-0.0352,-0.2435,0.5762,-0.0856,3.0938,1.6967,0.8853,-0.8799,0.8049
257,5869,108,5,running,0.34,-1.6756,-0.0644,-1.2829,-0.3337,-2.0709,1.5776,-0.0926,1.3598,-0.6709,-0.0432,0.2448,0.2618,-0.2844,0.3888,1.7474,-0.5436,-0.4578,-0.2796,0.5492,-2.1765,0.1184,0.375,0.5398,-0.1457,-0.2082,-1.335,0.4129,-1.0668,1.3858,-0.5795,-1.5073,-2.0372,-0.2409,-0.3374,0.5554
290,5902,108,5,running,-0.3312,0.5372,1.4307,0.2885,0.5053,-0.1498,0.3066,0.0427,0.4875,0.7889,0.8322,-2.3095,0.675,-2.32,-0.0552,1.2698,0.4777,-0.5379,0.8653,1.1385,-0.2543,0.4329,0.546,0.3556,0.5076,1.0453,-2.4954,-0.1782,-1.3671,-0.724,-0.7856,1.1847,-0.5027,0.813,-1.2674,0.8872
196,5808,108,5,running,-0.5072,0.0425,-2.1843,2.2793,0.4579,0.6164,0.5132,-1.0104,1.4456,0.3969,-1.5468,0.2774,0.5691,0.532,-0.025,0.485,0.2328,-0.0869,-0.7016,0.3119,-2.6201,0.1488,-0.1936,-0.1627,-0.0884,0.6754,-1.1727,0.7552,0.1208,0.7873,1.4777,-0.8534,1.0482,0.8908,1.3645,0.0362
262,5874,108,5,running,0.4513,-1.4752,0.1538,2.6266,-1.2411,0.5818,1.208,0.0569,1.7287,0.2895,-0.2303,0.6138,0.3784,-0.112,0.2534,0.2818,0.2349,0.2002,-2.2443,0.0573,-1.4552,-0.3485,0.1559,0.73,0.3447,1.5869,-2.2897,-0.408,0.2167,0.1797,1.1428,-0.3124,0.6102,0.3123,0.4366,-0.2832
216,5828,108,5,running,-0.3566,-0.054,0.7599,1.1775,0.3046,0.1334,-0.8332,1.2872,0.2262,0.3275,0.0797,2.5061,-1.3555,-0.5469,-0.3607,0.5624,-0.4667,-1.0402,1.0706,0.6889,0.2637,0.3543,-0.6507,-0.7679,-0.5283,-1.2202,2.1688,0.2876,-2.4603,-0.2597,-0.1189,-3.0873,-1.3564,-0.3847,1.5276,0.3243
240,5852,108,5,running,-1.4017,-0.5073,1.5473,1.6159,1.7724,0.085,-1.6524,0.0093,-0.1526,2.2527,-0.582,0.5838,0.4571,-0.3644,-0.2223,-0.3095,0.7687,-1.7183,-1.472,-0.1489,-0.6766,0.1124,0.0403,0.1492,-0.7623,0.2058,1.1828,0.143,-0.1592,0.817,0.0737,-2.6297,2.5195,-0.3224,-2.3967,-0.5466
245,5857,108,5,running,0.3071,1.3669,-0.4202,0.0652,-0.1091,2.1106,-0.4846,-0.0568,-1.5638,0.8865,0.2273,-0.3802,0.061,-0.2005,-0.1143,0.7275,-0.4557,2.2333,-0.8482,-0.1109,0.4551,-1.0166,0.1343,0.3423,0.4667,-0.3082,1.4064,0.5644,-1.8022,0.658,-2.7183,1.6545,-0.723,-0.8067,-0.4845,0.1825
206,5818,108,5,running,0.4246,-2.5252,-1.4108,-0.5357,-1.788,-2.2346,-0.2682,-1.2609,-0.4363,0.5034,0.1686,-0.4702,0.5436,0.2096,0.322,-0.3847,0.0162,2.0693,-0.0243,0.1086,0.2607,-1.522,0.053,0.7858,0.5263,-0.1272,0.1406,0.2874,-0.4766,0.5623,-0.2682,-2.0884,-0.5149,0.5173,0.6154,-0.0944
213,5825,108,5,running,0.3377,-0.6504,0.3424,-1.5521,1.3943,-0.1819,-0.2195,-1.1576,0.7579,0.5657,0.1453,0.43,0.1606,0.2932,0.4855,-0.4087,0.871,0.8348,1.224,-0.3067,-1.5766,0.7163,-0.3324,-0.1503,0.5713,-0.7472,1.6046,-0.7769,1.3083,-0.4882,-2.4303,1.0055,2.3053,-1.0642,0.0342,-0.3677
260,5872,108,5,running,-2.4276,-0.6345,-0.2608,1.6397,-0.4104,-2.4721,-0.6349,0.3321,-0.4021,-0.4846,1.3462,0.6436,0.4094,-0.61,0.2758,0.6559,-0.359,2.3854,-0.4477,-0.1193,0.4629,0.3069,0.5163,0.2228,-0.0697,0.3659,-0.2348,-0.3358,-0.307,-0.3437,1.535,-2.4124,-1.2886,0.4622,-3.3292,0.6268
228,5840,108,5,running,-1.3848,-0.0829,-0.1539,2.1273,0.2472,-0.3339,-0.1769,0.572,-2.2074,-0.8882,0.5306,0.1701,-0.5256,0.4525,-0.3304,-0.0501,0.4869,0.0757,-3.4437,-0.0469,0.5798,0.2677,-0.0726,-0.3699,0.4832,-0.883,0.6058,-0.1993,-0.1498,-0.15,-0.0043,2.5047,0.254,0.1774,-0.0408,0.0498
272,5884,108,5,running,-0.5445,1.1507,-2.2464,-3.3675,0.7123,-0.1022,1.2348,-0.2323,0.1767,-0.7206,0.137,0.1276,0.073,-0.3434,-1.2997,0.6552,-0.7688,2.5059,2.7759,-0.1209,0.0524,0.2129,0.385,-0.4458,-0.2464,0.1442,-0.5675,-0.0889,0.1382,-0.365,0.0286,-1.2547,2.0785,-0.2132,-1.2267,-0.3807
199,5811,108,5,running,-0.005,-0.6441,0.7432,2.7273,-0.5722,0.1292,-0.7272,-0.3204,0.5236,0.5192,-0.282,-0.1395,0.1369,-0.0604,-0.7194,1.6271,0.2673,-0.1366,2.6679,-0.4824,0.4909,-1.8084,-0.5455,-0.0928,0.2368,-0.1778,1.1494,-0.6108,0.3844,0.4159,-3.1323,0.0198,-0.0965,0.3576,-1.0648,-0.4173
259,5871,108,5,running,-0.602,-1.4502,-1.6222,1.5624,-3.3805,-0.2679,2.5364,-0.6009,-0.0164,-0.7279,1.0394,1.7988,0.2806,0.0377,-0.5083,0.7184,0.7305,-3.0296,0.0907,-0.0961,0.102,-0.5186,0.2832,-0.615,-0.0284,0.3445,0.5145,-0.8075,1.0401,0.7369,0.0265,-3.1125,1.5867,-0.8059,0.2502,-0.6655
264,5876,108,5,running,-0.037,-0.204,1.187,0.4259,-2.0041,-0.4465,-0.3108,0.0668,0.0348,2.4596,1.0549,1.3835,-0.7049,0.5838,-2.0076,-0.2133,-0.3579,0.4697,-1.0809,0.127,1.609,-0.7659,-0.0023,-0.0595,0.5835,0.0763,-1.2346,-0.768,-0.3649,-0.7879,-0.1035,1.717,-1.2493,-0.3739,0.7188,-0.0426
227,5839,108,5,running,-1.6434,-0.2637,0.4824,1.1336,2.7853,-1.3679,0.8756,0.0902,0.5745,0.1509,-0.5347,0.6035,-0.3703,0.0553,-1.2904,-2.8591,0.3146,1.6074,-0.2604,0.3384,-0.3347,0.1044,-0.0597,0.0263,0.0726,-1.6742,-0.032,0.4634,1.808,-0.1049,0.4522,-0.1041,1.6514,-0.2816,-0.0805,0.5854
283,5895,108,5,running,-1.5367,0.3274,0.8614,1.1079,-0.8815,-1.4237,-0.5249,0.0465,2.9473,-2.893,1.0889,1.877,0.2287,0.4886,0.6036,1.4742,1.6768,1.0722,1.2602,-0.0896,1.6341,-0.6564,0.4778,0.3371,-0.4564,-0.631,-0.4082,0.0937,-0.4005,0.0424,0.0879,0.6228,-0.3069,0.5289,-0.2245,0.5385
251,5863,108,5,running,0.9771,2.7659,-0.3632,-3.206,-0.2396,0.0086,-1.0493,-1.8247,-0.5696,1.5752,0.0209,0.4444,0.6114,0.2638,0.6057,1.007,-1.1662,-0.0406,-0.3675,0.0408,-0.4384,-0.4075,-0.7436,-0.424,0.1868,-1.8856,-1.7935,-0.2005,0.1452,-0.3392,0.1275,-0.5595,-0.3099,-0.019,2.5525,-0.5157
288,5900,108,5,running,-0.6071,-1.7209,0.0787,-2.5072,1.0007,0.7444,0.2709,0.3156,0.3438,-2.1007,-1.3308,-0.0702,0.4647,-0.0866,0.4173,2.8496,1.7164,1.4295,-0.647,0.1443,1.6649,0.1744,-0.2868,0.1742,-0.5654,0.5394,2.6075,0.6342,0.3647,0.4639,3.0096,0.5685,-0.4336,-0.0707,-2.5058,-0.5535
234,5846,108,5,running,-2.8666,-2.364,-2.8369,1.2004,1.7442,2.2093,-0.4474,0.1009,-0.1955,-0.2427,0.0984,0.9748,0.116,0.4339,-0.1537,0.023,-0.0086,-2.0066,1.6008,-0.3664,0.0561,-0.5005,-0.2117,0.3886,0.3298,1.0889,-0.4809,-0.547,-0.3856,-0.143,-1.4115,0.6683,-0.4564,0.0959,-2.7509,0.0268
51,5472,108,4,walking,-0.1545,-0.1286,0.3543,-0.5063,0.4153,-0.7618,0.0994,0.6329,-0.0202,-0.7854,0.4703,-0.5759,1.3254,-0.6026,-0.3754,-0.1648,-0.5002,0.1063,-0.6008,1.8882,-0.5897,-1.1178,-0.678,-0.2079,0.6465,-0.4332,0.4535,-0.2026,0.4233,0.5037,-0.3592,0.0778,-0.0785,0.6578,-0.2459,-1.5303
133,5554,108,4,walking,-0.1651,0.0324,0.3328,-0.5041,0.3074,-0.2301,0.1557,0.5822,0.1686,-0.8603,0.4609,-0.6129,2.0505,-0.4066,-0.0293,-0.2497,-0.1744,-0.0134,-0.2559,-1.7982,0.2242,0.3201,0.8336,0.3742,0.2232,-0.0934,0.3128,-0.5563,-0.107,0.4623,0.5837,-0.0101,0.364,-0.5505,0.0446,1.427
157,5578,108,4,walking,0.2865,-0.0935,0.2027,-0.5132,0.1564,-1.5703,-0.2082,0.2568,-0.1297,-0.8161,0.2443,-0.545,0.3065,0.2589,-0.0252,-0.0926,-0.0581,-0.2571,0.0902,-1.4784,-0.1055,1.1868,0.5624,1.3747,-0.3292,-0.1637,-0.3629,1.1364,1.7242,0.4591,0.0179,0.0428,-0.2455,-0.6012,-0.2376,-1.5818
43,5464,108,4,walking,-0.1418,0.1572,0.4791,-0.5958,0.137,0.5162,0.1743,0.5048,-0.121,-0.5252,0.6707,-0.5348,1.8748,-0.0733,-0.084,0.2992,-0.1306,-0.2026,0.3109,-0.2178,-0.1235,0.7848,0.7836,0.1738,-0.6229,0.0879,0.4145,0.5613,0.9198,-1.0377,-0.0498,0.1326,0.0375,0.5387,-0.0867,-1.1459
136,5557,108,4,walking,-0.1638,-0.0153,0.2533,-0.646,0.5488,0.264,0.1025,0.1985,-0.0889,-0.5803,0.3547,-0.3142,-1.7843,-0.3467,-0.1517,0.0285,-0.7578,0.0276,-0.2065,1.5675,-0.2476,0.0589,0.3024,-0.0987,-0.718,0.0059,-0.21,-1.7002,-0.306,0.5106,0.0564,-0.216,0.1749,0.8128,0.7342,1.4222
57,5478,108,4,walking,-0.2121,-0.1208,0.1855,-0.4484,0.1243,-0.4049,0.1239,0.3159,0.1374,-0.5088,0.5545,-0.3095,1.8484,-0.2866,0.1806,0.1478,0.9509,-0.0432,-0.7596,-0.7169,-0.0844,-0.5295,-0.1458,0.4355,-0.1373,-0.2582,0.266,-1.8232,-0.785,0.0183,-0.1428,-0.3065,-0.3125,0.1176,-0.0403,1.455
71,5492,108,4,walking,0.1314,-0.0632,0.358,-0.5146,0.5156,-0.5157,-0.1172,0.4648,0.0547,-0.5051,0.3903,-0.2383,1.0726,-0.2092,0.0672,-0.1559,0.8466,-0.268,0.1795,1.7564,-0.0995,0.3185,0.1132,-1.2375,-0.6062,0.4365,-0.0853,-1.6493,-0.5663,-0.027,-0.0982,0.3552,-0.1769,-0.8832,0.0288,-1.4907
94,5515,108,4,walking,-0.017,0.0669,0.469,-0.7623,0.2829,-0.2326,0.2425,0.6433,0.0922,-0.4208,0.3298,-0.3372,1.1475,0.2865,0.1737,-0.2838,0.6538,0.0228,-0.4465,-0.9547,0.5377,0.7262,0.286,0.3609,0.7388,-0.4638,-0.2525,1.6608,0.6055,-0.6226,0.5177,-0.0367,-0.1987,0.4153,0.0356,-2.6609
22,5443,108,4,walking,0.0806,0.0503,0.2897,-0.628,0.3427,0.7853,-0.0718,0.4718,-0.0796,-0.5858,0.1886,-0.2431,-0.3316,0.2374,0.1845,0.3689,-0.6329,-0.2553,0.7186,0.3503,0.1976,-2.317,-0.3684,0.532,-1.7108,-0.1192,-0.4752,1.6044,-0.516,-0.2458,-0.0855,0.0207,0.8585,-1.2702,-0.553,-1.4249
97,5518,108,4,walking,-0.1276,0.1029,0.0453,-0.5551,0.3008,0.2166,0.0796,0.4173,0.0771,-0.4876,0.218,-0.4267,1.2844,-0.2339,0.0141,0.1525,-0.3178,0.2036,0.369,-0.7166,0.2694,-0.6865,1.1122,0.854,-1.3407,0.1858,-0.0801,0.5509,1.0636,-0.5027,0.7844,0.7609,0.0143,-0.3533,0.5176,1.1092
92,5513,108,4,walking,-0.0666,0.0438,0.2591,-0.5544,0.4445,-0.6806,-0.0864,0.5441,0.1428,-0.401,0.3674,-0.4768,0.8251,0.4852,-0.0635,0.4555,-1.8033,-0.0075,-0.1546,1.4657,0.4769,-0.0933,0.2116,0.3675,-0.3828,0.2872,-0.3145,-0.7783,1.6793,0.7483,-0.367,-0.0934,-0.5715,-1.5851,0.3368,-1.4243
26,5447,108,4,walking,-0.1645,-0.0956,0.1627,-0.31,-1.3282,0.2103,-0.077,0.4117,-0.0469,-0.3667,0.4265,-0.2706,0.3042,-0.4137,-0.1158,-0.0574,1.5297,0.3648,-0.2686,1.0631,0.4469,0.1679,-0.5536,-1.3486,-1.7228,0.1446,0.1605,1.6007,0.8036,0.1964,0.7628,0.4746,-0.8664,0.7563,0.2148,1.7586
19,5440,108,4,walking,0.0357,-0.0599,0.2492,-0.5511,0.444,-0.5063,0.1298,0.4786,0.1719,-0.6452,0.2277,-0.3845,1.3549,-0.222,0.1472,0.0494,0.2509,-0.2166,0.7246,0.1475,-0.2654,1.64,0.1122,0.1081,-0.0798,0.1599,0.0133,0.7053,0.2605,0.2263,-0.2383,-0.2007,0.1516,-0.2255,-0.0167,-1.7802
85,5506,108,4,walking,0.1056,-0.1785,-0.0534,-0.4456,0.1717,-0.6432,0.2594,0.3472,0.0975,-0.458,0.4003,-0.6897,0.5259,0.3688,0.1707,0.2075,0.3595,-0.113,0.6258,-0.6395,0.5313,0.8562,0.4115,1.1402,0.8798,0.6627,0.0635,-1.4968,-0.6498,0.0263,0.1406,-0.2083,-0.5798,0.3257,-0.3422,1.4595
61,5482,108,4,walking,-0.0045,-0.1515,0.2605,-0.5372,0.538,-0.6665,0.0846,0.3062,-0.321,-0.4187,0.4575,-0.6838,-0.638,-0.2729,-0.081,0.199,-0.3178,-0.0778,-0.4316,-1.2434,0.3667,1.4484,0.6555,0.4625,-1.0488,-0.105,-0.0626,1.2732,-0.0728,0.3562,-0.1349,0.3436,-0.761,0.1863,-0.5309,-2.4459
60,5481,108,4,walking,0.0171,-0.1045,0.2635,-0.413,0.1276,-0.2238,0.0768,0.4175,-0.1621,-0.3379,0.3402,-0.6679,-0.4589,-0.0673,-0.1126,0.7614,-0.4865,-0.1263,0.7031,-0.3299,-0.8327,0.0222,-0.3758,1.4089,-0.6338,-0.217,0.5245,0.318,0.6543,1.3202,-1.009,-0.09,0.1225,-1.6054,-0.1528,0.7462
50,5471,108,4,walking,0.0349,-0.1843,-0.1279,-0.7858,0.1439,-0.2947,-0.1626,0.2255,-0.1405,-0.5868,0.5831,0.5388,1.6233,-0.145,-0.1618,-0.5825,0.1478,0.0592,-0.4573,0.7725,0.2002,-0.5388,-1.6754,-0.2805,0.1169,0.5039,-0.0254,1.4158,0.6384,0.0853,-0.0843,0.4223,-0.5365,0.5585,-0.243,-0.8343
126,5547,108,4,walking,-0.0231,0.167,0.3005,-0.5192,0.1699,-0.1203,-0.0536,0.2943,-0.1364,-0.6252,0.4873,-0.4727,1.3178,-0.3232,0.1429,0.4688,-0.8144,-0.0264,-0.1004,0.2352,-0.3753,-1.2395,-0.5869,0.3067,0.2463,0.0742,-0.1128,-1.5765,1.6663,0.8298,0.1255,-0.0629,-0.8655,0.55,0.3849,1.1455
103,5524,108,4,walking,-0.0516,-0.0211,0.3192,-0.6717,0.2633,-0.5822,0.254,0.1834,0.0358,-0.7775,0.2469,-0.2626,0.2821,-0.2325,0.1002,0.5595,0.6133,0.1388,-0.4587,0.5067,-0.5266,-0.8773,0.6246,-0.2835,0.7782,-0.1197,0.5448,0.5444,0.5787,0.8576,0.1581,-0.0662,0.3429,-1.2834,0.2779,0.9573
36,5457,108,4,walking,0.064,0.2346,-0.0633,-0.6487,0.4046,0.3859,-0.078,0.3123,0.1138,-0.5164,0.302,-0.4325,1.3274,0.0663,-0.1373,-0.0885,0.5809,0.0048,-0.0938,1.8802,-0.1409,-0.3047,-0.1744,0.4458,0.0922,0.1052,0.2773,1.1738,0.3253,-0.0842,0.4844,0.2875,0.4031,0.7896,-0.4126,-1.225
163,5584,108,4,walking,-0.0351,-0.1146,0.3825,-0.5735,0.3107,-0.5045,0.2689,0.4107,-0.0183,-0.622,0.3773,-0.3306,-0.5644,-0.2222,-0.0767,-0.3824,-0.0965,-0.0347,-0.3187,-0.5672,0.2562,1.1653,-0.7649,0.2078,1.2475,0.3436,0.096,0.3096,-1.6809,0.1485,0.1295,0.239,-0.6457,0.9467,-0.1823,-1.7128
23,5444,108,4,walking,0.0715,-0.0595,0.3337,-0.7552,0.1937,-0.6556,-0.0574,0.2949,0.033,-0.728,0.3787,-0.4335,-1.0491,0.0333,0.1654,0.428,-1.1382,0.085,0.0629,-0.9167,-0.6224,-0.3356,0.3086,-0.3425,1.5774,-0.012,-0.033,0.7457,-1.0289,-0.1536,0.0826,-0.0244,-0.8807,-2.2044,0.0573,-2.5449
58,5479,108,4,walking,-0.1874,-0.0132,0.2579,-0.3803,0.4623,-0.0492,0.0864,0.4823,-0.0416,-0.4888,0.5247,-0.5677,0.9736,0.0625,-0.1053,0.2327,-0.4309,-0.0606,0.6333,-0.5452,-0.61,-0.1786,-0.672,0.7065,-1.0252,-0.4258,0.6247,-2.7786,-0.1222,0.5843,-0.6673,0.6278,0.0809,0.968,-0.0903,1.2193
164,5585,108,4,walking,-0.0735,-0.048,0.2036,-0.6088,0.32,0.4542,-0.2307,0.3556,0.0138,-0.5362,0.5125,-0.5676,1.0844,0.2244,-0.1005,0.1065,-0.0137,-0.0818,0.4389,0.6188,-0.5741,-0.845,0.5729,-1.1362,0.4202,0.0922,0.1575,1.0496,-0.1992,-0.1072,0.2308,-0.513,0.8744,0.8539,-0.4843,1.2544
125,5546,108,4,walking,-0.3238,0.2844,0.2553,-0.0849,0.6482,0.235,-0.0722,0.4366,0.0157,-0.368,0.4648,-0.5214,1.2609,-0.3585,0.0904,-0.1677,1.0435,-0.1881,-0.4172,0.9499,0.3258,-1.1206,-0.6627,0.1878,-0.2009,-0.2431,0.3334,1.1437,-0.8406,-1.2838,-0.2285,0.0506,0.1029,0.2751,0.7015,0.3027
105,5526,108,4,walking,-0.0546,-0.0138,0.3037,-0.4769,0.4503,-0.2843,0.0611,0.3083,0.0349,-0.6084,0.2599,-0.4735,-0.5586,-0.2765,0.0639,-0.2753,-0.8698,-0.3657,0.115,-0.3939,0.7655,-0.7122,-0.5867,0.5069,-0.5447,0.016,0.0298,1.4257,0.296,0.2187,-0.2152,0.2725,-0.3403,0.4733,0.6567,-1.1495
79,5500,108,4,walking,-0.0434,-0.0571,0.2474,-0.4442,0.334,0.6757,0.1116,0.2758,0.0058,-0.6712,0.1134,-0.4344,0.4419,-0.5456,0.1263,-0.2247,0.876,0.1375,-0.1758,-0.3525,-0.5058,-1.8232,-0.2329,-0.3202,-0.0452,0.2058,-0.1469,-0.5424,-0.1359,-0.2046,-0.126,0.6437,0.1945,0.7182,-0.4639,-1.7856
48,5469,108,4,walking,-0.1324,-0.1114,0.1447,-0.6372,0.6027,-0.7726,-0.1781,0.2782,0.1402,-0.6435,-0.1642,-0.0283,1.5387,0.3157,0.368,-0.4593,0.3867,0.2649,0.2168,0.8574,0.3042,0.5636,0.2374,-0.4789,-1.3557,-0.145,0.3858,1.1706,0.8068,0.7984,0.745,-0.2212,0.8065,-1.0762,-0.2194,0.3658
37,5458,108,4,walking,0.172,-0.2385,0.2772,-0.2792,0.2854,-0.9039,0.0959,0.2686,0.1343,-0.5874,0.5589,-0.292,0.2177,-0.3122,0.2738,-0.2122,-0.216,-0.1363,0.4583,-0.8221,-0.1239,0.5264,0.5298,0.8752,-1.4753,-0.2747,-0.0603,0.7338,-0.2053,-0.7863,-0.2506,0.6756,-0.3138,-0.5102,-0.6689,-1.5679
11,5432,108,4,walking,0.2154,-0.3433,0.457,-0.8114,0.3936,-0.4725,-0.0727,0.4473,-0.0204,-0.3002,0.6731,-0.4883,0.5224,0.3236,-0.2709,-0.5085,-0.5053,0.0921,-0.1376,-1.7477,-0.3856,-0.0389,0.6497,0.8503,0.6163,0.0901,-1.4525,1.1223,1.1506,-0.0275,-0.4857,-0.064,0.4353,0.4894,-0.0346,2.0644
169,5590,108,4,walking,-0.0168,-0.1261,0.121,-0.4457,0.405,-0.7073,0.0076,0.3368,0.0968,-0.6626,0.4323,-0.4828,-0.1068,0.3229,-0.1114,0.1663,-0.6336,-0.042,0.6166,0.9387,-0.1808,-0.3693,0.9032,-0.6583,-1.0065,0.2337,-0.3326,0.1294,0.7364,0.6294,0.2795,-0.0701,0.2828,1.4264,-0.1664,0.0665
123,5544,108,4,walking,0.2385,-0.2707,0.3885,-0.3665,0.0757,-0.2613,0.0954,0.2446,0.0082,-0.3772,0.3257,-0.5863,0.4874,-0.0586,-0.135,-0.0603,1.3129,-0.1856,-0.0682,0.1823,0.0245,0.1026,-2.087,-0.1186,0.528,0.0102,-0.167,-0.5704,1.5629,-0.5693,-0.001,0.0772,0.2703,-0.6558,0.258,-1.2072
66,5487,108,4,walking,-0.0725,-0.2062,0.4409,-0.6368,0.1777,-0.1403,0.024,0.3425,0.0497,-0.63,0.331,-0.4885,0.7019,0.5727,0.0669,-0.3109,0.8569,0.0833,-0.2809,-0.6285,0.2264,0.6804,0.149,0.6235,-1.6464,0.1227,0.2603,1.363,-0.8258,0.0269,-0.554,-0.3179,-0.3448,-0.1558,-0.0716,-2.15
145,5566,108,4,walking,-0.1555,0.0776,0.2585,-0.3005,0.5349,0.884,-0.1834,0.2342,0.0163,-0.3244,0.4762,-0.435,1.5564,-0.4337,0.1708,0.0279,-0.4083,-0.1443,-0.247,0.6625,-0.3326,-0.1538,0.5439,-0.4469,0.6325,0.0486,0.3853,0.1826,-0.2539,-0.5452,0.1146,0.2627,0.3891,-0.953,-0.0556,1.6156
62,5483,108,4,walking,-0.0172,-0.1237,0.4217,-0.6376,0.1264,-0.1352,0.017,0.2552,0.0831,-0.3533,0.61,-0.53,-0.1578,0.4008,-0.0406,-0.5187,-0.4726,0.2847,0.8277,-1.3174,0.6258,0.1004,0.3625,0.6365,0.2883,0.1227,0.3363,2.8034,0.2057,-0.1045,-0.1225,0.1665,-0.1935,-0.9228,-0.1307,1.6503
102,5523,108,4,walking,-0.0333,-0.0346,0.2087,-0.6143,0.15,0.2305,0.0582,0.3072,0.0843,-0.4582,0.2498,-0.5668,-0.8554,-0.5898,0.2039,-0.0752,-0.5249,-0.2527,0.2302,-0.2769,0.6838,0.7856,0.4367,0.1485,0.3607,-0.1133,0.0947,2.3548,-0.5691,-0.0992,0.0139,0.1773,-0.778,1.0827,0.3423,0.3039
39,5460,108,4,walking,0.2264,-0.4708,-0.8033,-0.2246,0.2581,-0.7473,0.0828,0.4357,-0.1646,-0.437,0.1382,-0.347,2.1326,0.527,0.0266,0.0737,-0.7458,-0.0059,-0.1646,1.5544,-0.1297,-0.324,0.1163,0.1275,1.6823,0.1255,0.1271,-1.732,-0.0189,0.4408,-0.2224,0.1554,0.2533,-0.7343,-0.1147,-1.5028
8,5429,108,4,walking,-1.1225,-0.2518,0.178,0.6036,-0.5796,-0.6652,-0.2342,0.2247,0.0949,-1.2674,0.2405,-0.4288,-0.8765,-0.2663,0.0168,-0.1249,-0.0988,0.3532,0.6603,1.1802,0.1807,0.0178,0.1488,0.0357,0.0302,0.0443,0.0737,0.3683,-0.1126,0.2895,-0.1425,0.1724,0.2592,0.8828,-0.0966,-1.2543
5,5426,108,4,walking,-0.0736,0.1686,0.3033,-0.428,0.3372,0.4479,-0.1861,0.1539,0.0642,-0.7626,0.3748,-0.4002,0.9046,0.3824,-0.3872,-0.872,0.8766,0.5825,-0.3364,-1.1003,0.3232,0.5549,-1.0878,-0.7456,-0.2153,0.2787,-0.115,-0.4586,-0.4594,0.2548,-0.5686,-0.1502,-0.0545,0.4478,0.41,-2.0282
52,5473,108,4,walking,-0.0555,-0.1463,0.2859,-0.0296,0.1611,-0.4405,0.1555,0.2162,-0.0731,-0.7825,0.4094,-0.5554,-0.3524,0.9816,0.1239,-0.2855,-0.8463,0.1245,-0.1448,-0.6183,-0.4722,0.5279,0.7836,0.4487,0.1464,0.0685,0.2459,-0.9357,1.7653,-0.3138,0.286,0.364,0.185,-1.5763,-0.202,1.1727
15,5436,108,4,walking,-0.0521,-0.1733,0.2262,-0.5746,0.5787,0.3472,-0.1658,0.4525,0.1443,-0.5084,0.5752,-0.3887,0.2177,0.443,0.1527,-0.2943,-0.8175,0.2707,0.3069,1.4335,0.0155,0.2676,0.6589,1.5522,1.1165,-0.3777,0.1471,2.3749,-0.5763,-0.1167,-0.2637,-0.3319,-0.4859,0.3467,0.7142,0.514
114,5535,108,4,walking,-0.1068,0.0473,0.0328,-0.6179,0.1672,-0.3128,0.1577,0.506,0.0686,-0.5106,0.2474,-0.3674,2.1062,0.211,0.1214,0.2156,0.3352,0.0568,0.0445,1.2287,0.0346,0.6676,0.7873,1.731,-1.0257,0.1254,0.3079,0.2113,-0.2338,0.6163,0.2249,0.1359,0.653,-0.7369,0.0265,1.7753
30,5451,108,4,walking,-0.2843,-0.0825,0.206,-0.674,0.6143,-0.6854,0.0378,0.3278,-0.0274,-0.556,0.3857,-0.343,-0.0645,-0.182,0.2562,0.4358,-1.5152,-0.0735,-0.1293,-0.6039,-0.6102,-0.7685,0.2225,-0.6587,-0.1683,0.0946,0.1246,0.9306,-0.7188,0.7538,0.6291,0.1812,-0.6403,-1.81,-0.4753,0.0372
158,5579,108,4,walking,-0.0301,0.0365,0.1573,-0.4804,0.3735,-0.1078,0.0755,0.3453,0.1549,-0.5487,0.3773,-0.3002,1.2686,0.0887,-0.1302,0.1623,0.4333,-0.0404,0.1855,1.7345,0.6374,-0.476,0.3108,-1.0057,0.1437,-0.0224,0.0335,0.7732,-0.5837,-0.6673,-0.614,-0.272,0.5549,0.8245,0.1142,1.3007
122,5543,108,4,walking,0.0425,-0.345,0.1005,-0.533,0.3737,-0.5612,0.0765,0.3725,0.0726,-0.396,0.2187,-0.303,-1.0192,0.0373,-0.0889,0.3359,-0.8385,0.3144,0.0352,-0.3203,-0.1707,-1.7698,0.5497,0.7838,-0.8187,-0.0463,-0.345,0.7179,-1.1955,0.1893,0.0189,0.063,0.2265,0.2355,0.3546,1.5685
25,5446,108,4,walking,-0.1603,-0.2353,0.4136,-0.51,0.3274,-0.7166,-0.2167,0.3045,-0.0788,-0.5356,0.5252,-0.2171,-0.8333,0.0461,-0.2266,-0.1393,0.2584,-0.0939,-0.264,1.0088,0.0846,1.0788,0.1292,-0.8443,0.8246,0.0565,-0.2205,2.8622,0.105,0.6142,0.3082,0.1536,-0.2338,1.5036,0.3624,0.469
29,5450,108,4,walking,-0.1425,-0.2656,0.2553,-0.738,0.6499,-0.4434,0.0163,0.4115,0.2129,-0.4744,0.3049,-0.3406,1.1606,0.3179,0.0469,0.1975,-1.2099,0.1282,0.5573,-1.7873,0.5832,0.1406,0.278,-0.8215,0.4882,-0.0976,0.1552,0.8473,0.1067,0.4669,-0.569,0.1883,-0.1577,0.4007,-0.3318,-1.3532
135,5556,108,4,walking,0.0826,-0.1242,0.1282,-0.3163,0.5172,-0.4655,0.1964,0.2402,-0.1852,-0.7513,0.3275,-0.3494,-0.0493,0.4708,0.1793,-0.0966,0.1763,0.0708,-0.5147,1.5422,-0.2873,1.3535,-0.6573,0.5194,-0.2471,0.1673,-0.2084,0.1602,-1.2466,0.3899,0.2253,-0.0852,-0.4128,0.2657,0.7426,1.2185
179,5600,108,4,walking,-0.12,0.0475,0.4016,-0.4309,0.6373,0.2348,0.1572,0.477,0.2662,-0.6046,0.453,-0.3429,1.3065,0.6182,0.0672,-0.3643,-0.3734,-0.0908,0.375,-1.6076,0.0435,-1.0282,-0.6757,0.6073,-0.3139,0.0862,-0.3106,2.4064,-0.8497,-0.5066,0.4177,-0.1093,-0.6882,0.4358,-0.3417,2.1856
177,5598,108,4,walking,0.1714,-0.0294,0.196,-0.6744,0.3402,-0.4572,0.2605,0.4282,0.0867,-0.6323,0.4872,-0.1896,0.2144,0.1179,-0.2262,-0.48,-0.5727,-0.1564,-0.2495,-0.6242,0.0622,0.5205,0.8279,0.6605,0.7029,0.1149,0.5123,-0.8873,-0.6739,-0.2586,0.2376,0.2709,0.3525,-0.9425,-0.6882,1.1665
35,5456,108,4,walking,-0.2536,-0.0079,0.3205,-0.5267,0.2292,-0.112,0.1343,0.3506,0.0424,-0.6712,0.4561,-0.322,0.0302,0.173,0.0007,-0.1645,0.5498,-0.0564,-0.0273,1.4956,0.2823,0.1366,-1.117,0.3722,0.0222,-0.308,-0.0849,0.9498,1.73,0.0868,-0.1193,-0.3718,0.7398,-1.8688,-0.4135,-0.3033
83,5504,108,4,walking,-0.1225,0.1302,0.1155,-0.8392,0.3475,0.5286,-0.0637,0.3007,0.1607,-0.5235,0.5058,-0.2612,-1.112,0.0846,0.1662,-0.2973,-0.4068,0.115,0.3758,-0.8034,-0.1508,-0.3851,-0.6404,-0.6849,0.3044,0.4873,-0.0479,0.2149,-1.2889,0.2791,-0.2672,0.6214,-0.7283,-0.415,-0.042,-1.8644
104,5525,108,4,walking,-0.0722,0.1403,0.2165,-0.5735,0.3338,-0.1221,0.0231,0.3099,-0.1637,-0.243,0.5523,-0.2209,1.1199,0.5686,-0.0305,-0.2637,0.3277,-0.2049,-0.0477,0.9244,-0.2654,-1.2525,-0.9426,-0.0705,-0.7138,-0.4052,0.0307,0.6001,1.18,-0.3826,-0.0587,-0.2542,0.4595,-0.7269,-0.0645,1.3254
183,5604,108,4,walking,-0.0614,-0.2532,0.1797,-0.5369,0.4183,-0.3038,0.0125,0.3489,0.0654,-0.4552,0.2357,-0.3125,-0.0277,0.5615,0.2536,0.7623,0.0346,0.3079,-0.6228,-0.5536,0.2661,-1.1168,0.5612,-0.0424,1.7801,-0.0569,0.0709,0.9586,-0.5892,0.5687,-0.388,-0.3523,-0.0267,0.2431,-0.1476,1.9632
172,5593,108,4,walking,-0.0308,-0.1509,0.3598,-0.6114,0.5255,-0.5209,0.0224,0.4103,0.0304,-0.5566,0.3189,-0.129,0.6368,-0.502,0.0378,-0.2748,-0.0367,-0.1488,-0.2068,0.8289,0.6839,1.6376,0.4559,-0.6783,-1.7628,0.1583,0.0073,1.0267,-0.1896,0.2282,-0.7266,-0.668,0.1543,-0.9267,-0.1548,-2.2585
178,5599,108,4,walking,0.2764,-0.2344,0.0663,-0.5668,0.6446,-0.5116,0.2835,0.3457,0.0868,-0.4587,0.473,-0.3599,0.7155,-0.0362,0.2255,-0.3163,1.3573,-0.0477,-0.4214,-0.6623,-0.1972,-1.0858,0.103,0.0867,-1.7708,0.1004,0.0468,-2.769,-1.3385,1.5708,0.2178,-0.3606,0.2095,-0.7411,-0.0238,2.4356
182,5603,108,4,walking,0.2066,-0.0374,0.1338,-0.4448,0.4178,-0.2286,0.1182,0.4108,0.044,-0.7648,0.3605,-0.4236,0.2678,0.6426,0.0556,-0.1369,0.3465,-0.0584,-0.6043,0.384,0.437,-0.5679,0.6738,1.8829,-1.0797,-0.1119,-0.2748,-0.7265,-0.3677,-0.1049,0.0662,-0.1452,0.3762,-0.2006,-0.0689,-1.7537
72,5493,108,4,walking,-0.0518,-0.0085,0.1383,-0.4004,0.4209,-0.5698,-0.0651,0.3608,-0.0012,-0.5833,0.2278,-0.2449,0.7046,-0.0573,0.0865,-0.1265,0.5797,-0.1112,0.7304,-0.7671,-0.7689,0.2302,-0.5132,-1.3188,-0.0592,-0.332,0.1229,-0.6794,-0.7203,-0.5778,0.226,0.0799,-0.585,0.8357,-0.054,1.8738
166,5587,108,4,walking,-0.1926,0.3258,-0.7767,0.0775,0.2668,0.35,0.1148,0.4844,0.1859,-0.6045,0.3557,-0.3545,-0.0185,-0.1703,0.1107,0.2785,1.1742,0.3207,0.1778,-0.9373,0.2658,-0.512,-0.2703,0.3835,-0.8297,-0.2289,0.2152,-1.2523,-0.5116,0.1677,-0.6748,-0.2249,-0.133,0.2282,-0.1257,2.0782
34,5455,108,4,walking,-0.0281,0.1292,0.4236,-0.475,0.2458,-0.3293,0.237,0.1856,-0.1755,-0.5467,0.5135,-0.4175,-0.6075,-0.4446,-0.1488,0.6774,-0.0957,0.1633,-0.6163,1.1066,-0.4339,0.3443,0.8297,1.6769,1.1635,0.3885,-0.0433,1.8243,-0.0237,-0.5297,0.5053,-0.0746,0.4836,-0.8543,0.1426,-2.1643
65,5486,108,4,walking,-0.1512,-0.0026,0.1916,-0.3718,0.5167,0.8221,-0.0279,0.3759,-0.0736,-0.5353,0.2602,-0.3232,0.9366,-0.225,-0.1105,-0.1459,0.0164,-0.0718,0.1654,-0.2372,0.1916,-0.6329,-0.7179,0.149,-1.6268,-0.2023,-0.0148,-1.3056,0.7225,-0.545,0.0421,-0.3773,0.5128,-0.8762,0.2312,-2.1628
184,5605,108,4,walking,-0.1374,-0.107,0.3607,-0.6522,0.1239,-0.3156,0.1806,0.5312,-0.0454,-0.4745,0.1457,-0.5085,-0.1581,-0.332,0.3332,0.2928,-0.5043,0.3687,-0.5717,-0.3387,0.2853,0.3736,0.8178,-0.7906,-0.5659,0.233,-0.2443,1.404,-0.7193,0.4803,-0.1918,-0.4715,0.1332,-0.3473,-0.3033,1.7254
21,5442,108,4,walking,-0.1272,-0.0547,0.2474,-0.4838,0.3733,0.4898,0.1749,0.4443,-0.0754,-0.6886,0.3101,-0.2829,1.0459,0.3385,0.1455,-0.5733,1.4652,-0.1587,-0.3027,-0.6588,0.2574,0.0866,0.4325,-1.7643,0.5528,0.074,0.0854,0.9442,0.254,-0.2382,-0.4072,-0.2775,-0.4265,-0.4275,-0.1356,1.5433
91,5512,108,4,walking,-0.1753,-0.1137,0.3522,-0.5284,0.6109,0.1027,0.0121,0.3171,0.1241,-0.4024,0.3096,-0.2329,2.3855,0.3222,-0.1268,0.3126,-0.3884,-0.3057,0.0753,-1.451,-0.1846,-1.4837,0.6356,-0.1523,0.4679,0.1574,0.2853,-1.083,0.6594,0.309,0.0785,0.6494,-0.2155,-0.9829,0.0658,0.7429
59,5480,108,4,walking,0.1474,-0.2119,0.2006,-0.4227,0.1958,-0.6672,0.0969,0.3809,-0.0928,-0.8583,0.482,-0.1283,0.9196,-0.1421,0.2142,-0.5207,1.7935,-0.3424,-0.1688,-0.4662,0.0161,-1.6906,1.7309,-1.3582,0.0268,0.0853,0.2108,0.5757,0.806,0.0795,0.745,-0.1574,-0.439,-1.4972,0.1258,0.6723
112,5533,108,4,walking,-0.077,-0.0902,0.2232,-0.426,0.3444,0.3657,0.0882,0.323,-0.0246,-0.5652,0.3157,-0.4667,1.2468,0.1873,0.1398,-0.2498,0.183,-0.321,0.05,0.7387,-0.325,-0.4545,0.3444,1.7645,-0.1209,-0.5033,0.2566,0.1917,0.6804,0.0698,-0.0965,-0.088,-0.8058,-0.827,-0.2633,1.4143
185,5606,108,4,walking,0.1738,-0.2525,0.094,-0.4846,0.3,-0.1362,0.0847,0.4453,0.123,-0.6749,0.2449,-0.4509,-2.7656,0.3095,-0.2237,-0.363,-0.0729,0.1453,-0.1593,-0.1065,-0.0894,-0.6032,-0.4363,1.167,-0.5459,0.3433,-0.104,0.5528,0.6458,0.7317,-0.0558,0.2791,-0.3647,-0.8406,0.1044,0.515
90,5511,108,4,walking,-0.2555,0.0089,0.3579,-0.5021,0.5494,-0.1252,0.0693,0.4455,0.093,-0.3243,0.2474,-0.2532,-1.0738,0.0756,0.1502,0.4678,0.4174,-0.0933,0.0806,-0.7239,0.1389,0.0458,0.7612,-1.0525,-0.3707,0.7401,0.4136,-0.815,-0.3552,0.149,-0.1539,0.3832,0.1546,-0.5433,0.2684,-1.7849
70,5491,108,4,walking,-0.0568,0.0164,-0.0532,-0.7264,-0.4759,0.3836,0.094,-0.0876,0.1019,-0.2297,0.3553,0.6625,-0.6207,0.1125,0.0623,-0.1059,-0.1024,0.1732,0.6569,0.6809,0.0149,-0.0184,-0.7133,0.5419,0.4204,-0.0365,0.1424,0.1657,-0.5354,0.6073,0.0862,-0.1188,0.1299,-1.88,-0.2275,0.8108
84,5505,108,4,walking,-0.1748,0.1802,0.2204,-0.3843,0.4103,-0.065,0.0537,0.4858,0.0267,-0.3692,0.3262,-0.3723,0.8783,-0.105,0.0746,0.1583,1.4877,0.1373,-0.3493,0.2719,-0.365,0.9309,0.546,1.54,-0.1225,-0.2577,-0.1209,-1.2849,-0.042,1.1052,0.4046,0.3237,-0.5025,-0.6149,0.1228,-2.518
76,5497,108,4,walking,-0.0015,-0.0416,0.0001,-0.3784,0.4397,-0.1685,0.0749,0.3448,0.0244,-0.534,0.5009,-0.4282,2.5427,0.4345,0.0607,-0.0902,0.6788,0.0918,0.2502,1.8095,0.3779,0.3429,0.6564,0.1402,0.8753,-0.4326,-0.2757,-1.3665,-0.0243,0.2404,-0.0791,-0.133,0.15,-0.1628,-0.034,-1.0832
44,5465,108,4,walking,-0.036,-0.0437,0.179,-0.6733,0.4798,-0.6252,0.0248,0.2284,0.0848,-0.4096,0.3148,-0.5553,1.2042,-0.3356,0.2366,0.1424,0.1722,-0.0717,-0.1263,-0.426,-0.1773,-0.667,-0.4767,0.139,0.2082,0.1474,-0.1742,-0.1513,0.7105,-1.243,0.5264,-0.0329,0.1876,0.6488,0.485,1.131
175,5596,108,4,walking,0.0134,-0.2687,0.0366,-0.4577,0.4107,-0.5384,0.2683,0.2507,0.0596,-0.5308,0.1268,-0.3239,0.1352,0.0938,0.0307,0.4027,-0.1268,-0.1125,0.7354,0.9791,-0.2174,-0.6259,-0.6113,-0.4076,-0.287,-0.0983,0.0757,0.7395,1.3092,0.6679,0.3076,0.6337,-0.3236,0.8559,0.1769,2.3437
12,5433,108,4,walking,-0.0161,-0.1423,0.1545,-0.6693,0.2234,-0.6301,-0.0237,0.3396,0.0169,-0.656,0.3738,-0.3275,-0.5498,-0.0266,0.1165,-0.1708,-0.6722,0.0094,0.4882,-0.2743,0.2233,-1.3075,0.6045,-0.8031,0.5545,0.222,0.2862,0.2654,0.2353,-0.0366,0.0879,0.3049,-0.5264,0.7025,0.3025,-0.8076
99,5520,108,4,walking,0.1145,0.0721,0.2588,-0.6127,0.4471,0.0634,0.0452,0.336,-0.108,-0.4656,0.3622,-0.4294,0.5256,0.0102,-0.0805,-0.2096,0.9039,-0.3065,0.6613,-0.5702,0.525,0.5635,0.6832,1.452,-0.1676,-0.3863,-0.161,0.3759,0.2922,-0.1132,0.1853,0.5532,0.7023,0.4557,0.1036,-1.0364
56,5477,108,4,walking,-0.051,0.2256,0.4247,-0.7834,0.5441,-0.5641,-0.0432,0.5408,0.0237,-0.559,0.5237,-0.6227,-0.4377,0.3064,-0.1546,-0.2742,-0.8716,-0.2503,0.0863,-0.8525,0.2839,0.0935,0.7185,-0.2045,-0.7624,0.458,-0.3421,-1.2297,0.7122,0.3478,-0.4462,-0.0272,0.0147,0.7146,-0.0562,0.5029
40,5461,108,4,walking,-0.0618,0.1687,0.1564,-0.4642,0.1642,-0.6847,0.1624,0.1556,-0.2369,-0.3714,0.3239,-0.3378,0.21,0.4238,-0.0977,0.5084,0.7614,0.1485,-0.1384,-0.1456,-0.4885,0.1243,-0.1446,-0.0291,-0.213,-0.1055,-0.0042,1.1933,0.6571,0.3464,0.1405,-0.0858,0.322,1.328,-0.0907,0.3298
113,5534,108,4,walking,-0.1563,0.0152,0.3397,-0.5749,0.5082,-0.6474,0.3804,0.3691,0.0825,-0.3851,0.3673,-0.6376,1.1008,0.2503,0.0649,-0.649,-0.1309,-0.1823,-0.3669,0.6703,0.0477,1.3698,-0.4775,-0.5828,0.546,0.3652,0.4158,-1.1708,0.7566,-1.1052,-0.5201,0.5673,0.5149,-1.795,-0.1163,0.6448
129,5550,108,4,walking,0.1455,0.5465,0.5623,0.1673,0.2243,0.4,0.0464,0.4435,0.2826,-0.3287,0.3439,-0.4323,-0.4562,0.0345,-0.1847,-0.1576,0.617,-0.1103,0.554,0.9229,-0.0503,-0.6205,-0.2616,-0.3215,-0.6135,-0.1834,0.152,2.4887,0.0783,0.3004,0.1312,-0.3278,-0.207,0.1572,0.6625,-1.0379
28,5449,108,4,walking,0.1505,-0.2707,0.1708,-0.5485,0.2038,0.5549,-0.188,0.3424,0.0955,-0.342,0.3756,-0.3655,-0.8058,0.4025,-0.2056,-0.4895,-0.1563,-0.288,-0.1148,-0.5087,-0.6766,-1.4839,0.7428,0.836,-1.7178,0.3225,-0.0144,-0.8585,1.2058,1.2786,0.4587,0.1477,-0.2674,0.1476,-0.317,-2.4307
155,5576,108,4,walking,0.2545,-0.1336,0.2451,-0.7782,0.5428,-0.61,-0.0746,0.272,0.0596,-0.3515,0.3692,-0.2129,0.6729,0.4721,-0.1312,0.4863,-0.4332,-0.0488,-0.1601,-1.5561,-0.3605,-0.0613,-0.9549,-0.7456,1.5436,0.3362,0.2502,1.3078,-0.4754,0.5369,-0.3547,0.6502,0.2737,0.5375,-0.1203,1.4893
41,5462,108,4,walking,-0.0704,0.0094,0.2258,-0.5444,0.3392,-0.4869,0.0575,0.3873,0.1,-0.3277,0.4878,-0.4198,-0.3605,-0.2331,-0.2569,-0.5123,-0.3448,-0.075,-0.707,0.8558,0.142,-1.2284,0.781,-0.7523,-0.0098,0.2638,0.0033,-2.128,-0.0424,-0.2283,0.5386,0.0047,0.1877,0.3043,-0.0724,-1.7803
156,5577,108,4,walking,-0.1112,0.2343,0.3549,-0.5373,0.3589,-0.3306,0.0274,0.4784,0.1073,-0.4682,0.3488,-0.3339,0.1138,-0.0158,-0.1503,0.0547,-0.5727,-0.1837,0.1435,1.4356,0.0143,0.1387,-1.4003,-1.5701,-0.0879,-0.1424,-0.0247,-1.2089,-0.6469,-0.333,-0.5259,0.7223,-0.0686,-0.5845,-0.0377,0.0755
121,5542,108,4,walking,-0.1823,-0.1074,0.2692,-0.647,0.1487,-0.4157,0.1526,0.4003,0.0186,-0.3801,0.3086,-0.524,0.8658,0.0294,0.0888,0.2932,0.5437,-0.1004,-0.1693,-0.9149,-0.2207,0.2755,-0.2207,1.673,0.1848,0.2727,-0.1765,-0.1403,0.8562,-0.0178,0.0834,0.63,0.3285,0.8446,-0.1272,2.0077
17,5438,108,4,walking,-0.025,-0.2385,0.136,-0.6867,0.3223,-0.3129,-0.0755,0.505,0.0913,-0.4549,0.1989,-0.3517,-0.1352,0.1468,-0.1675,0.2371,-0.3273,-0.2466,0.626,1.605,-0.0379,0.815,-0.7535,-0.1452,-0.6184,-0.136,0.147,-0.8154,-0.6537,-1.4926,0.1483,0.211,0.2377,-0.4383,0.0582,0.75
69,5490,108,4,walking,0.132,-0.0585,0.0432,-0.7125,-0.1005,0.3377,0.2742,-1.1315,0.1506,-0.099,0.0969,-0.1246,2.096,0.4738,0.3863,-0.2265,-0.2525,0.1022,0.8279,0.7608,0.2801,0.5339,0.7282,0.2757,-0.0202,-0.2144,0.0487,1.0105,0.7853,0.769,0.5503,0.286,0.3048,-0.3129,0.3236,-1.2879
88,5509,108,4,walking,-0.056,0.0933,0.4619,-0.4207,0.6572,0.4592,0.1127,0.5097,0.036,-0.3388,0.4873,-0.5627,0.3386,-0.2165,0.0329,0.4042,-0.0232,-0.2019,-0.2702,-1.0756,-0.1326,-0.3001,0.443,-0.6259,0.2256,-0.0058,0.0835,0.7435,0.4299,1.1027,-0.2382,-0.3862,-0.4756,0.6725,-0.2207,1.8835
176,5597,108,4,walking,-0.127,0.1443,0.3557,-0.6638,0.6205,1.2205,-0.1105,0.509,0.1694,-0.4628,-0.4152,-0.5372,1.6191,0.1039,-0.2701,-0.3845,-0.0832,0.0386,-0.4474,-0.1195,0.1437,-0.2845,-1.3347,-0.2642,-0.0181,0.2257,-0.2555,0.1476,0.888,-0.5733,-0.624,0.1767,-0.0759,1.6178,-0.2048,-1.326
127,5548,108,4,walking,0.1202,-0.1764,0.0449,-0.5487,0.1775,-0.7204,0.0862,0.3824,0.1013,-0.4365,0.4455,-0.5559,0.3871,-0.0507,0.2828,-0.1358,0.4003,-0.017,-0.1898,-0.4405,0.5603,-0.2605,0.7168,-0.3021,-0.5832,-0.2272,0.2744,-0.8757,1.0404,0.8738,-0.446,0.3362,-0.6776,0.4788,-0.418,-1.3143
93,5514,108,4,walking,0.1263,-0.1499,0.2443,-0.2507,0.3377,-0.5382,-0.148,0.2759,-0.0593,-0.406,-0.2964,-0.3137,0.049,0.2132,-0.0101,-0.4052,-0.7656,0.1164,-0.3558,-0.9766,0.3206,-1.3843,-0.7276,0.7384,-1.643,0.1192,-0.6528,1.8626,-0.1786,-0.3287,0.8002,-1.7737,0.4765,-1.167,0.013,1.9048
87,5508,108,4,walking,-0.2216,-0.1337,0.1954,-0.4025,0.6286,-0.4714,0.2132,0.3851,-0.0447,-0.2208,0.176,-0.2477,-0.449,0.8587,0.0583,-0.2577,2.5225,-0.0268,-0.0944,-0.5059,0.2638,-2.0727,0.1386,1.4682,-0.0829,-0.1825,-0.3808,2.8364,-1.5772,-0.8709,0.0698,-0.5411,0.6809,-0.8767,-0.1474,-0.2273
9,5430,108,4,walking,-0.1275,0.1488,0.0842,-0.3496,0.3538,0.4284,0.0887,0.4433,0.1253,-0.1179,0.4673,-0.673,-0.1457,0.7348,-0.1483,0.0668,0.7648,-0.0235,0.5684,1.7348,0.6109,-0.1117,-0.4843,-0.0095,0.0234,0.5694,0.1403,0.2974,-0.2498,-0.8298,0.4374,-0.6533,-0.413,0.3037,0.3334,1.2626
167,5588,108,4,walking,-0.0107,-0.2429,0.0691,-0.5578,0.3426,-0.336,-0.0422,0.351,-0.0047,-0.4753,0.3164,-0.2509,-0.1185,0.4578,-0.2806,-0.2256,-0.4209,0.1336,-0.5092,2.1902,-0.25,0.8803,-0.6856,-0.2278,0.4409,0.0582,-0.2839,1.4774,0.4302,-0.5538,0.2172,0.4587,-0.3054,-1.0668,0.2554,0.4063
89,5510,108,4,walking,-0.0123,-0.2043,0.3758,-0.4115,0.2366,-0.5865,-0.2445,0.3036,0.1687,-0.3589,0.1423,-0.2467,-0.7877,-0.0493,-0.0624,0.1842,-0.0105,0.0534,-0.7125,-0.4212,-0.5628,0.2634,-0.7467,-0.5243,-1.0704,0.0426,0.2133,-1.304,0.4157,-0.0868,-0.2188,-0.3345,0.5455,-0.8168,-0.112,0.1418
96,5517,108,4,walking,-0.1851,-0.1525,0.3184,-0.4447,0.1039,-0.648,0.193,0.2425,-0.1211,-0.2547,0.201,-0.4459,0.2613,0.4257,0.1358,-0.1078,0.2225,0.0916,-0.2067,-1.403,0.3822,-0.7289,0.576,0.0983,-1.4626,-0.2659,-0.1802,-0.4458,-1.0842,-0.2783,0.7767,0.5753,0.266,0.9517,-0.225,-2.0355
49,5470,108,4,walking,-0.1085,-0.1882,0.3187,-0.0153,0.3849,-0.0743,0.1456,-0.1169,0.1319,-0.3864,0.2296,-0.1257,-0.7273,-0.4235,0.3243,0.1703,-0.4093,-0.3454,-0.3754,0.7007,-0.1043,0.1829,0.7443,0.0043,-1.7887,0.243,-0.2366,1.4306,-0.5583,-0.2069,0.2296,-0.2047,0.3615,0.4183,0.2637,-0.2087
18,5439,108,4,walking,0.0245,-0.2307,0.3094,-0.8796,0.3702,-0.0334,0.1506,0.2197,0.1085,-0.3785,0.5003,-0.1848,2.6129,-0.0808,0.1304,0.3074,0.3497,-0.1032,0.1127,-1.5465,0.5507,-0.1732,-1.0231,-0.5117,-0.3068,0.118,0.3352,0.302,0.7555,1.2839,-0.3193,-0.1853,0.0936,-0.907,0.1869,-2.0046
27,5448,108,4,walking,-0.1512,0.0702,0.4023,-0.6438,0.3565,0.0273,0.1187,0.2578,0.0453,-0.3609,0.2921,-0.4242,-0.2235,0.4596,-0.0942,0.1558,-0.1752,0.0382,-0.2206,1.2273,0.2444,0.1016,0.8588,0.0685,1.5662,-0.4483,0.0231,0.5483,0.1629,-0.427,-0.1058,0.0348,-0.765,0.4488,0.3509,-1.614
128,5549,108,4,walking,0.107,-0.1365,0.2535,-0.8064,0.222,-0.3803,-0.14,0.3052,0.1298,-0.4077,0.4158,-0.3598,0.8502,0.0667,-0.1073,-0.1873,-0.8074,-0.2176,-0.1364,-1.2892,-0.6315,-0.6134,0.941,0.5244,-0.7734,-0.1104,-0.2805,-1.0459,-0.1974,-0.7757,-0.4024,-0.5241,-0.5271,-0.6206,-0.5704,-2.2402
55,5476,108,4,walking,-0.1616,0.1634,0.3537,-0.9363,-0.5178,-0.3775,-0.0242,0.3785,0.2717,-0.4486,0.1733,-0.2468,-1.0256,0.1359,-0.1645,-0.5422,-0.7109,-0.4477,-0.4726,0.8357,0.4073,-1.5072,-0.4655,-0.1333,0.1501,0.0597,-0.143,-0.2663,-0.224,-0.1263,0.1603,0.0659,-0.4393,0.507,-0.0352,-0.2044
24,5445,108,4,walking,-0.1137,-0.0576,0.1825,-0.6361,0.3753,0.0689,0.2723,0.4001,0.1403,-0.4597,0.4785,-0.3564,0.5309,-0.0349,-0.1356,-0.2877,-0.4213,0.3203,-0.2047,0.258,0.229,-0.3555,0.4409,-1.006,0.4699,0.4414,-0.3335,0.2669,-0.9887,0.4824,-0.184,0.2272,-0.8228,-0.5205,0.6623,1.2606
33,5454,108,4,walking,0.1278,-0.1294,0.1673,-0.9798,0.4272,-0.5662,-0.0859,0.2227,-0.2401,-0.4674,0.1556,-0.3757,1.299,0.5783,-0.0888,-0.4771,-0.0739,-0.0016,-0.0568,-1.7355,-0.515,-0.0035,-0.8739,-0.6172,1.3053,-0.0206,0.4332,-0.2022,-1.8769,0.1676,-0.0202,-0.0403,0.8764,-0.4565,-0.2844,-0.8401
118,5539,108,4,walking,-0.1707,0.0875,0.0996,-0.5678,0.5403,0.0758,0.2475,0.3868,0.0935,-0.4646,0.5293,-0.3432,0.2973,0.2599,-0.0984,-0.0289,-0.8434,-0.0902,0.255,0.579,0.143,1.0242,0.6365,-0.8084,0.6145,-0.0137,-0.12,1.6087,0.6707,-0.5062,0.1355,0.3178,-0.4086,-0.6312,-0.0607,2.0608
73,5494,108,4,walking,-0.1232,-0.0585,0.2556,-0.7144,0.1235,-0.3286,0.0359,0.4849,0.124,-0.3069,0.2938,-0.191,2.2453,-0.3512,-0.1405,0.3492,0.1643,-0.1848,-0.5107,1.064,0.1334,-0.2467,0.4844,-0.1236,-0.1825,0.1459,0.0494,-0.6259,0.0864,-1.58,-0.0388,-0.0687,-0.1762,0.6543,-0.1254,0.4739
130,5551,108,4,walking,0.1255,-0.0126,0.1899,-0.432,0.3422,-0.4518,-0.1819,0.4527,0.0654,-0.533,0.3396,-0.5385,-0.703,-0.6516,-0.2553,-0.5566,0.3618,0.2838,-0.0894,1.74,-0.1336,-0.1804,0.9479,-0.5029,-0.1754,-0.123,-0.1376,-0.1434,-0.2167,0.3178,-0.4358,-0.4055,-0.4618,0.4607,0.0726,0.418
115,5536,108,4,walking,-0.045,-0.1561,0.0681,-0.538,0.4056,-0.1233,0.1065,0.3134,0.1583,-0.3632,0.2915,-0.3463,0.5474,-0.1737,0.0302,-0.1908,-0.4167,-0.0375,0.2362,1.6508,-0.2492,0.4626,-0.7579,0.7269,1.4791,0.1278,0.1868,0.549,1.0773,0.2258,-0.0867,-0.1498,0.144,0.7326,0.3691,1.7133
120,5541,108,4,walking,-0.0534,-0.1652,0.3649,-0.3934,0.3878,-0.3084,0.1399,0.318,0.0157,-0.4848,0.5535,-0.3663,-0.0957,-0.2723,0.0889,-0.1615,0.4216,0.1846,-0.355,1.8243,0.1525,-0.8032,0.3661,1.0352,0.4136,-0.0886,0.0473,1.343,0.4669,1.1273,0.1103,-0.1516,-0.0223,0.9846,0.5193,0.3547
86,5507,108,4,walking,-0.1622,0.0658,0.2959,-0.3737,0.3665,0.0474,0.1242,0.4522,0.0394,-0.5679,0.2707,-0.3594,0.6728,0.3458,0.3768,-0.0334,-0.0329,-0.0153,0.424,-0.8885,-0.1206,-0.6667,-0.1072,-1.144,0.8065,0.2228,0.2044,-0.6523,0.6527,0.1114,0.2373,-0.2162,-0.3855,-0.1228,-0.7638,1.0776
159,5580,108,4,walking,-0.0615,-0.242,0.0056,-0.3508,0.5526,-0.1683,0.0617,0.4245,0.018,-0.5852,0.3744,-0.4375,1.5783,0.3713,0.1607,-0.2348,-0.5588,-0.0709,0.428,0.5035,-0.0344,1.1527,0.6556,0.9052,0.1189,0.0855,0.0609,0.6644,0.5352,-0.0753,-0.5803,-0.169,0.4538,0.5347,-0.2877,1.8659
132,5553,108,4,walking,0.1782,-0.0708,0.2523,-0.5371,0.3466,-0.1464,0.1449,0.2117,0.0134,-0.3467,0.4882,-0.146,2.1256,-0.0351,0.1777,0.1976,-0.2958,-0.1031,-0.0688,0.6078,-0.3842,0.8362,-0.8688,-0.1569,-0.5542,0.2091,-0.0428,0.1237,-1.2,0.1429,0.2672,-0.375,-0.3132,0.3813,0.1035,-2.2142
146,5567,108,4,walking,-0.0761,0.1448,0.4737,-0.646,0.7724,0.2375,-0.0622,0.3,-0.0617,-0.3512,0.4694,-0.5757,-0.6129,0.3128,0.1815,-0.3077,-0.1538,-0.0867,-0.4249,1.2433,0.5438,-0.3649,-0.8055,0.5462,-0.1642,0.2487,0.0528,-2.3507,0.4637,0.3896,0.3569,-0.3603,-0.1435,0.8805,-0.3888,-1.1227
140,5561,108,4,walking,-0.1263,0.1693,0.1845,-0.5152,0.3126,-0.1765,0.0964,0.5208,0.0133,-0.2902,0.2196,-0.3585,-0.0142,-0.1135,-0.0816,-0.0915,0.4006,-0.1262,0.1343,0.2966,0.0954,-0.4672,0.9248,-0.2185,0.1583,-0.0384,0.0767,0.4877,-0.3477,0.8759,0.676,-0.1847,-0.1377,0.8462,-0.1175,-1.708
131,5552,108,4,walking,-0.2816,-0.0653,0.34,-0.3464,0.1902,0.2972,-0.0516,0.2462,0.0284,-0.4067,0.4818,-0.3168,0.0362,0.4888,-0.0667,-0.4684,0.2537,0.2166,-0.406,2.0855,0.065,0.4847,-0.1573,0.1877,-0.6514,0.282,0.0653,-1.6307,-0.055,0.5138,0.1555,0.7209,0.8528,0.8004,-0.0158,1.4309
173,5594,108,4,walking,0.067,-0.0873,0.19,-0.2505,0.1674,-0.5126,-0.0456,0.3005,0.0035,-0.2127,0.2607,-0.4616,-1.039,0.3138,0.0152,0.193,-0.7508,-0.1484,0.3605,1.2203,0.308,-0.0189,-1.2156,-0.8379,0.4177,0.1114,-0.444,0.5834,0.2262,0.8416,-0.2774,0.4038,-0.2302,0.4504,0.161,-2.0583
16,5437,108,4,walking,-0.117,0.0845,0.1352,-0.4486,0.5,-0.0521,-0.0197,0.334,0.0805,-0.4322,0.4428,-0.2806,0.4564,0.5235,0.323,-0.4089,1.34,0.1309,-0.5082,-0.5764,0.7076,0.5384,0.032,-1.2232,0.0883,0.2636,-0.1803,0.6032,1.4517,-0.1159,-0.2383,-0.0263,0.1675,-1.382,-0.1186,-2.1829
64,5485,108,4,walking,-0.1202,-0.109,0.0775,-0.6038,0.6069,-0.4166,-0.0743,0.4198,-0.037,-0.4131,0.5075,-0.2046,-0.2235,0.1675,0.0092,0.3153,0.4035,-0.1841,-0.019,0.182,-0.2726,-0.3569,0.1257,0.8156,1.3647,0.0942,0.0127,1.6656,-0.5665,-0.6142,-0.0672,0.3743,0.5048,0.5343,1.5049,-1.7887
168,5589,108,4,walking,-0.0167,-0.0427,0.1099,-0.3248,0.4676,-0.3077,0.0683,0.3465,0.0608,-0.651,0.3866,-0.4854,-0.7599,0.3369,0.2107,-0.3833,-0.1927,-0.2124,0.5299,1.0334,0.1657,-0.5752,0.1124,0.5126,0.4872,-0.1422,-0.1805,0.4258,-0.4044,-0.2838,-0.1549,-0.2476,0.2224,-0.7882,-0.1563,-1.3777
77,5498,108,4,walking,-0.1025,-0.1465,0.0292,-0.4248,0.4522,-0.8276,0.0463,0.4133,-0.057,-0.3865,0.3488,-0.4006,-0.6603,0.7262,0.2086,-0.2472,0.2419,-0.0916,-0.5546,1.5138,-0.5275,0.616,0.5836,-0.66,1.1803,0.256,-0.0952,-0.1059,0.4092,-0.5566,-0.0656,0.118,-0.0826,0.1828,0.0126,-2.1709
170,5591,108,4,walking,-0.1617,0.0886,0.406,-0.5165,0.5496,-0.0889,0.0589,0.3735,0.0466,-0.4193,0.3677,-0.4894,-1.7957,0.5327,0.066,-0.2832,-0.4355,0.0616,-0.4377,-1.1091,-0.2364,0.1502,0.5455,0.1902,0.1787,-0.4507,-0.09,-1.2698,0.2766,-0.1956,-0.0509,0.3274,0.5636,0.1837,0.4144,1.4592
101,5522,108,4,walking,-0.1281,0.2338,0.2668,-0.5007,0.3791,-0.25,0.0706,0.3415,-0.1043,-0.3665,0.4163,-0.4143,0.2765,-0.0749,-0.1048,0.6754,-0.0566,0.0292,0.3816,1.5509,-0.6532,0.7389,0.2298,0.0691,0.1334,-0.07,0.0573,-1.433,0.8895,0.2522,-0.4224,0.2209,-0.4833,1.5863,-0.0894,-1.7484
107,5528,108,4,walking,0.1215,-0.0877,0.3659,-0.4789,0.2982,-0.5242,0.0172,0.3351,-0.0246,-0.5247,0.3733,-0.3776,-0.8324,-0.5106,0.1434,-0.2628,-0.8106,0.0225,0.1527,-1.4772,0.296,-0.6574,-0.6066,-0.0156,0.2197,-0.2674,-0.567,0.233,-0.1945,-0.1396,0.7083,0.2099,-0.575,-0.3773,-0.0986,0.1783
10,5431,108,4,walking,-0.1652,-0.0623,0.1202,-0.3924,0.2771,-0.5186,-0.1658,0.296,-0.1061,-0.2423,0.3665,-0.465,-0.3443,-0.0105,-0.2272,-0.1053,-0.0745,-0.0043,-0.4458,-1.167,-0.2065,-0.2333,0.004,-0.421,0.7163,-0.5684,-0.0399,-1.0665,-0.2444,0.0503,-0.2245,0.3039,0.7329,0.7264,-0.5733,-1.8052
38,5459,108,4,walking,-0.1867,-0.2168,-0.1728,-0.615,-0.4837,0.4682,-0.2431,0.5627,0.0724,-0.137,0.2382,-0.3855,0.513,0.428,0.0623,-0.7832,-0.1994,0.2308,-0.2567,-0.5255,-0.1045,0.1472,0.5124,-0.0892,-1.4022,-0.2369,-0.0324,0.9397,-1.6542,1.2497,0.2355,-0.1836,0.3798,-0.3183,0.4338,1.6839
141,5562,108,4,walking,-0.1321,-0.202,0.1028,-0.6349,0.3186,-0.521,0.0595,0.3686,0.0385,-0.3873,0.4329,-0.2506,-0.3285,0.5093,-0.0168,0.4436,0.3604,-0.097,-0.2889,-0.4753,0.352,0.7034,0.42,0.038,-0.7117,0.2346,0.0605,0.0589,0.753,-0.4384,-0.5375,-0.2232,-0.3174,1.6056,0.3803,0.3765
46,5467,108,4,walking,0.1271,-0.155,0.0164,-0.6833,0.3891,-0.3034,-0.0125,0.4028,-0.1836,-0.7854,0.4142,-0.313,0.1142,-0.1925,0.1327,0.4669,-0.4076,0.3453,-0.6539,-0.4523,0.0393,-0.2385,-0.7225,-0.3094,-0.2629,0.3116,0.1439,0.938,0.7777,-0.7605,0.1692,-0.2775,0.355,0.5897,-0.2456,1.1259
134,5555,108,4,walking,-0.0588,-0.0722,0.1458,-0.4002,0.5708,-0.1524,0.1093,0.1378,0.0943,-0.5821,0.3495,-0.3626,0.6042,0.1572,-0.1748,-0.0895,0.4753,0.2302,0.1154,-0.3348,0.7032,0.5479,0.3745,-0.4565,-0.1974,0.0883,0.2589,-0.9407,-0.5459,-0.8726,0.4671,0.3717,0.058,1.4392,-0.0446,1.7969
174,5595,108,4,walking,-0.0483,0.1742,0.2242,-0.5451,0.2698,0.2168,0.0799,0.3187,-0.0385,-0.6887,0.3114,-0.3256,-0.7243,0.7168,0.0268,-0.1303,0.5882,-0.152,-0.2202,-0.9314,0.5238,0.6709,-0.9038,-0.6718,0.2886,-0.5715,-0.1124,-1.0147,0.8436,-0.745,0.046,-0.2884,-0.2347,0.4576,-0.0867,1.1334
74,5495,108,4,walking,0.1676,-0.0676,0.103,-0.4523,0.1,-0.7124,-0.0266,0.2273,0.0135,-0.4879,0.348,-0.4188,-1.1794,0.4709,0.1416,0.278,0.2956,-0.2484,-0.4043,0.5608,0.3675,0.2207,-0.7556,-0.5797,-1.6394,0.2629,0.1523,0.6825,0.4778,1.3382,-0.2224,0.389,-0.5535,-1.362,-0.3743,-1.4296
139,5560,108,4,walking,0.053,-0.1469,0.2339,-0.7399,0.3871,-0.509,-0.0047,0.3744,0.0457,-0.4363,0.2354,-0.4447,0.1408,0.1828,-0.0206,0.0476,0.5146,-0.2671,0.1702,-0.955,-0.0472,-0.4,-0.4859,1.4687,0.7107,-0.3854,0.015,0.4282,-0.433,0.6148,-0.2259,-0.0747,-0.8233,-0.9432,0.0749,-1.1624
6,5427,108,4,walking,-0.2062,-0.223,-0.1289,0.1607,-0.4824,-0.3259,0.1252,-0.3383,0.232,0.3128,-0.721,-0.2209,-0.8062,0.2383,0.0221,-0.0394,1.129,0.1472,0.3256,-0.7428,-0.1548,0.4136,-0.2068,-0.73,0.7507,-0.0499,0.1515,1.0978,0.4145,0.0116,-0.5333,-0.0183,0.4524,-0.8259,0.2423,1.4277
152,5573,108,4,walking,-0.0734,-0.0338,0.3674,-0.4866,0.0843,-0.4825,0.1547,0.3314,0.1813,-0.4157,0.5405,-0.5095,-1.1446,0.5236,0.1165,-0.0523,0.5303,-0.2771,-0.2061,0.4163,0.4846,0.3353,0.2812,0.2363,-0.555,-0.2169,-0.0989,-0.2584,-0.2544,-0.2438,0.3393,-0.4765,0.7542,-0.226,0.0334,2.0002
137,5558,108,4,walking,0.6847,0.2155,0.4537,0.8626,0.4269,-0.03,0.0858,0.3456,0.1396,-0.2942,0.1378,-0.239,0.8132,-0.2416,-0.1278,-0.1719,0.1542,-0.0384,0.5338,0.4053,-0.1297,0.0827,0.5136,0.1602,0.2697,-0.1284,0.038,0.3198,0.3652,0.664,-0.3499,-0.0473,-0.6726,0.8245,-0.1128,1.0649
