generated_index,candidate_id,prompt_window_id,real_index,activity_name,chest_gyro_x_mean_zerr,chest_gyro_x_std_relerr,chest_gyro_x_range_zerr,chest_gyro_x_stats_score,chest_gyro_y_mean_zerr,chest_gyro_y_std_relerr,chest_gyro_y_range_zerr,chest_gyro_y_stats_score,chest_gyro_z_mean_zerr,chest_gyro_z_std_relerr,chest_gyro_z_range_zerr,chest_gyro_z_stats_score,mean_zerr_avg,std_relerr_avg,range_zerr_avg,stats_score,max_channel_stats_score
297,300,5912,300,running,0.15554211657125872,0.3176676824197664,0.7241722044053969,0.33411836047748944,0.07834534547545693,0.2460362911224364,0.45365174553611054,0.22048300374637947,0.012581395460110095,0.1560915813726537,0.7349338619148031,0.21445596311606613,0.08215628583560858,0.23993185163828548,0.6375859372854368,0.256352442446645,0.33411836047748944
295,298,5910,298,running,0.1556887497821177,0.042806651012830994,0.5786884505435288,0.19513585042668524,0.3477875758271191,0.4424460232806689,1.1999602875437305,0.5560854971518613,0.044266324755287564,0.1870631612993185,0.3897009793684574,0.1704719902955339,0.18258088345484147,0.22410527853093945,0.7227832391519056,0.3072311126246935,0.5560854971518613
296,299,5911,299,running,0.07487023820479713,0.18030046281360443,0.790002753621056,0.26006883113157186,0.39064459450169703,0.5856994766472443,1.4743156262806483,0.6854007537157062,0.15080026454395717,0.048389356445383135,1.1246016144200608,0.3045961712797483,0.20543836575015048,0.2714630986354106,1.129639998107255,0.41668858537567544,0.6854007537157062
298,301,5913,301,running,0.036411999638036166,0.30676732670446355,0.9417054771636584,0.3256128259697316,1.4899136763915681,0.16807647075569424,1.040715604759099,0.8713391798107248,0.16435129351732208,0.05571935816508974,0.3518061277343007,0.15838948621982488,0.5635589898489755,0.17685438520841587,0.7780757365523527,0.45178049733342707,0.8713391798107248
294,297,5909,297,running,0.010478818798122775,0.009595041113775083,3.288492420445318,0.6657280280538228,0.534002003655201,0.0061604395145322625,1.1656164599627985,0.449188269260453,0.06508178580054896,0.2875212289459274,0.9411099126855416,0.32926318843569885,0.20318753608462425,0.10109223652474492,1.7984062643645524,0.4813931619166582,0.6657280280538228
300,303,5915,303,running,0.019355326724451997,0.47783406619919083,0.38425603392403873,0.2757269639542649,0.5658918910301648,0.9193486525462223,0.912557621185596,0.7766077416676741,0.8020435921555641,0.2004912337836098,0.07217871090945067,0.4154496725575597,0.46243026997006026,0.5325579841763409,0.4563307886730285,0.4892614593931662,0.7766077416676741
293,296,5908,296,running,0.06002505451440811,0.6306878328323364,2.772218806062426,0.830728916151183,0.06286360010138951,0.06561869567333703,0.8536152921084277,0.22211597673157618,0.15131356424473702,0.4410111549052786,1.1215474950506332,0.4612393866701329,0.09140073962017821,0.37910589447031734,1.582460531073829,0.5046947598509641,0.830728916151183
257,259,5871,259,running,0.033435338822884186,0.5642484980480331,1.7121326205892347,0.5815000588662139,0.0942608938737906,0.45134605193971994,1.1751069192117152,0.4532641621677473,0.027980890660780328,0.6823162139458799,1.372637723799932,0.5586463866026505,0.05189237445248504,0.5659702546445443,1.4199590878669606,0.5311368692122039,0.5815000588662139
263,266,5878,266,running,0.015406692377951467,0.4748307947526898,2.142897656089381,0.6246745260701327,0.1453321872350419,0.3704166025438316,1.084382943154098,0.423176104542369,0.16502873304751303,0.5861938341559603,1.3277997866732671,0.5660489842160428,0.10858920422016881,0.4771470771508272,1.5183601286389152,0.5379665382761815,0.6246745260701327
261,264,5876,264,running,0.01437890216298713,0.24271935630442845,1.8866969630424837,0.480178695995463,0.07976900467850233,0.7216141513069284,1.7924616258468986,0.6790455875635519,0.0017242514560343585,0.43680883234339335,1.4377289569514473,0.4629590249100606,0.03195738609917461,0.46704744665158343,1.7056291819469431,0.5407277694896919,0.6790455875635519
269,272,5884,272,running,0.006542820815909102,0.5044791384747154,2.258327476765526,0.656074279069355,0.03108133228079787,0.44644348521062854,1.0503079800158257,0.40107152299973575,0.039378026426312274,0.6228811519134594,1.50349100614011,0.5656018725639307,0.025667393174339748,0.5246012585329344,1.6040421543071541,0.5409158915443405,0.656074279069355
193,195,5807,195,running,0.030594400656933817,0.6425834317870488,2.4339713630297326,0.7560654055835396,0.04269836515783182,0.514932262486425,1.323218134700062,0.48769587799771513,0.12452900258025952,0.4237541088036129,0.8244181360517229,0.38419687176389355,0.06594058946500839,0.527089934359029,1.5272025445938393,0.5426527184483829,0.7560654055835396
268,271,5883,271,running,0.0947081773449177,0.3786236968650637,2.336923803763367,0.656717510436666,0.01518777644995487,0.6086937008482037,1.5175887765474432,0.5530703462287521,0.029882557299254618,0.41805061930124254,1.2529767169861423,0.4297686140374274,0.046592837031375726,0.4684560056715033,1.7024964324323175,0.5465188235676152,0.656717510436666
217,219,5831,219,running,0.031556766363270074,0.6958949974834118,2.3959345638484697,0.7701676183083667,0.3135208152296539,0.4273362758750725,1.1391197623508347,0.5241667889120576,0.10513754923115758,0.40179206211777296,0.8118538286756067,0.3651426102746936,0.15007171027469388,0.5083411118254192,1.4489693849583036,0.553159005831706,0.7701676183083667
191,193,5805,193,running,0.16867435334884015,0.42067240931324124,2.684813101758662,0.7727013254165651,0.41296811753172225,0.2814897831862535,0.8193614106837328,0.44165544242393684,0.053462802068046905,0.49610396818591446,1.5412010077857576,0.528066909658736,0.21170175764953644,0.3994220535618031,1.681791840076051,0.5808078924997461,0.7727013254165651
195,197,5809,197,running,0.04846151913601928,0.173211722286201,2.3052638798403597,0.54972207253696,0.07279775548445583,0.6216740020748723,1.6517242069066729,0.6081335444050658,0.04895441413676138,0.6899299645166603,1.489589668863969,0.5934716852341625,0.056737896252412164,0.4949385629592446,1.8155259185370005,0.5837757673920628,0.6081335444050658
277,280,5892,280,running,0.06387791411969998,0.5359858930712998,2.1719440829874284,0.6743343394738857,0.12817122510979687,0.47748977816506716,1.461944911252247,0.534653383560395,0.09862550155994314,0.546042371610677,1.4479296734984617,0.5474530839679405,0.09689154692981333,0.5198393476156814,1.6939395559127124,0.5854802690007403,0.6743343394738857
215,217,5829,217,running,0.018929061955875823,0.7594456508676841,2.924691856475104,0.8962882564244448,0.12700268952910457,0.4424082785374735,1.451526469236669,0.518069681073965,0.14634761339898458,0.19508641325000162,1.0641734085436816,0.3494082923683308,0.09742645496132167,0.46564678088505307,1.813463911418485,0.5879220766222469,0.8962882564244448
246,248,5860,248,running,0.049326039042291055,0.5300216583911974,2.512143263718949,0.7341677317171852,0.183911779685373,0.4049041105616529,1.1916665507395647,0.4738596662467233,0.15818937817556997,0.49768565832785777,1.5511243533461894,0.572574885270609,0.130475732301078,0.47753714242690265,1.7516447226015677,0.5935340944115058,0.7341677317171852
224,226,5838,226,running,0.012838627995845085,0.6857437901868078,2.637216607682005,0.8068762888094623,0.03712725657323546,0.5940826147749773,1.462567623204595,0.5449974731802041,0.0033574613888925544,0.48862613642893504,1.2907304383041867,0.4549395267879684,0.0177744486526577,0.5894841804635733,1.7968382230635955,0.6022710962592116,0.8068762888094623
199,201,5813,201,running,0.020283698755152086,0.5524186597150915,3.1044328229567584,0.8499675079794492,0.19983457772645902,0.3063015144439749,1.245314865128663,0.4515174098939062,0.060518825564208456,0.6231431329010317,1.2189367343515358,0.5172521302564033,0.09354570068193986,0.4939544356866994,1.8562281408123191,0.6062456827099196,0.8499675079794492
301,304,5916,304,running,0.11560340784490107,0.7748070372776553,1.2653848054734143,0.6092411391437054,0.15541489043478238,0.8527104945506081,1.8099893311322743,0.7652480202206111,0.4991673532738743,0.14421268184501,0.9531882735620061,0.44798966875995494,0.25672855051785254,0.5905767378910911,1.3428541367225648,0.6074929427080904,0.7652480202206111
203,205,5817,205,running,0.018016474556947416,0.6081812102405042,2.815951289032861,0.8136693317255528,0.03079764290377196,0.42677373345564257,1.321797019170846,0.447387954377935,0.031062494696872604,0.6031158279856905,1.5526400816420747,0.5641993454014402,0.026625537385863995,0.5460235905606124,1.8967961299485936,0.6084188771683093,0.8136693317255528
262,265,5877,265,running,0.04056779226151909,0.4321652301927892,1.9699643071104842,0.5830860704038202,0.1338406759495943,0.622381066400401,1.5105990836341234,0.6046085136668229,0.003909351772436217,0.6833562628960921,1.823320007191024,0.6395702473056162,0.059439273327849866,0.5793008531630941,1.7679611326452107,0.6090882771254198,0.6395702473056162
198,200,5812,200,running,0.03664676741798325,0.7179339649063526,3.0804168399017633,0.917915660910087,0.10399154797196387,0.6397923678159714,1.6404746846510811,0.6256085032453904,0.015475757017703918,0.3503708080206504,0.7649268438030219,0.2993239947759462,0.05203802413588368,0.5693657135809914,1.828606122785289,0.6142827196438079,0.917915660910087
233,235,5847,235,running,0.027218725313626332,0.6465379680360775,2.580588983242641,0.7856204739884098,0.0334218052587745,0.6719212498344718,1.4550440727611311,0.5731460365895247,0.019592175655702496,0.4920289343368337,1.4124225451595769,0.4871329530289299,0.026744235409367777,0.6034960507357944,1.816018533721116,0.6152998212022882,0.7856204739884098
275,278,5890,278,running,0.016463805745294265,0.5239428615787306,2.319646030732331,0.6800918730760761,0.1855581602153047,0.7173244321803183,1.845538893809302,0.7302608157201096,0.051526645712971275,0.41182839912134445,1.2555334576359996,0.4364487094609263,0.08451620389119008,0.5510318976267977,1.8069061273925442,0.615600466085704,0.7302608157201096
229,231,5843,231,running,0.05095686695240666,0.689712392094179,2.6823799464464675,0.8327436929079278,0.004429624494442267,0.5503872386680162,1.2737233768809926,0.47667142064118195,0.045442796430327524,0.5932822233774292,1.4217078039343929,0.5398315687099813,0.03360976262572548,0.6111272847132082,1.7926037090872844,0.6164155607530304,0.8327436929079278
282,285,5897,285,running,0.001986173493935163,0.6221149232092981,2.756518393157025,0.8009441173126983,0.026122187547709633,0.5161325306348179,1.232739265198293,0.4634497403126696,0.1473762369391942,0.5482672657510235,1.5445677862308993,0.587170958322267,0.058494865993613,0.5621715731983797,1.844608481528739,0.6171882719825449,0.8009441173126983
265,268,5880,268,running,0.0671542966608171,0.7070959971547884,3.060466015051099,0.9217933205364621,0.04222829431988473,0.4268740938846455,1.170824646256691,0.42180588453315027,0.023559743663530135,0.5719645807131637,1.3595845227397454,0.5101266342986266,0.04431411154807732,0.5686448905841992,1.8636250613491787,0.6179086131227465,0.9217933205364621
194,196,5808,196,running,0.05949654713070158,0.36932334380503323,2.665285150149947,0.7045849864042834,0.22647155481472353,0.7096330188868338,1.666438518490708,0.7077295331787645,0.07600134961266335,0.4942697888080757,1.1768899065983534,0.46348643668796635,0.12065648385269616,0.5244087171666476,1.8362045250796697,0.6252669854236714,0.7077295331787645
292,295,5907,295,running,0.049994632397145376,0.5821146656774001,2.0746738946137766,0.6677784981525735,0.21847517056403412,0.686891489689893,1.7381629695078842,0.7097792580031477,0.01849580976280687,0.5764203788474633,1.3064758190710664,0.4992616392583214,0.09565520424132878,0.6151421780715854,1.7064375610642424,0.6256064651380142,0.7097792580031477
260,263,5875,263,running,0.024213856310977718,0.5667998793770428,2.4669810801630856,0.7298017103078254,0.19532366277741603,0.5125376298779347,1.6180597080559027,0.6067564586733208,0.07286849138645474,0.5815656375419045,1.4160295736517892,0.5449795663017015,0.09746867015828282,0.5536343822656273,1.8336901206235925,0.6271792450942826,0.7298017103078254
239,241,5853,241,running,0.04966591293568569,0.6809196980010234,2.544657307622679,0.8011657058992194,0.05886406411303691,0.41031072567474053,1.3531790170953433,0.45830571933417963,0.03164662290948608,0.6415726866456274,1.8202301170352446,0.6333337472290943,0.0467255333194029,0.577601036773797,1.906022147251089,0.6309350574874978,0.8011657058992194
228,230,5842,230,running,0.02565396064206174,0.7772505722547832,3.156766460820249,0.9525151053227878,0.27771285378638605,0.32376083768444297,1.1712490610870314,0.4748392888057379,0.0988106310622305,0.40914409792321355,1.3246347514992087,0.4681088418940194,0.13405914849689277,0.5033851692874799,1.8842167578021634,0.6318210786741818,0.9525151053227878
258,261,5873,261,running,0.035191350939250236,0.6104522211716907,2.3978590327914397,0.7378292354026643,0.08448684146837131,0.591188532131206,1.370281102677931,0.5443263699754172,0.026620968269981667,0.6770517473913858,1.689054128118036,0.6192799118881542,0.0487663868925344,0.6262308335647608,1.8190647545291354,0.6338118390887452,0.7378292354026643
216,218,5830,218,running,0.04701311954979523,0.724539709255992,2.7738580613092343,0.8633927437841618,0.0039993409070233936,0.7554419833589927,1.7760938726973663,0.6589953042458797,0.019692826520354118,0.36958002953474967,1.162697707745512,0.388248683971144,0.02356842899239091,0.6165205740499115,1.904216547250704,0.6368789106670618,0.8633927437841618
267,270,5882,270,running,0.022567968265492237,0.5859877115824357,2.557052710477044,0.75483281403458,0.006634909309734956,0.6509268797563584,1.3446688080690183,0.531958477240241,0.04911343733922667,0.6598471162373546,1.817366442967704,0.6470575100241733,0.026105438304817957,0.6322539025253828,1.9063626538379221,0.6446162670996648,0.75483281403458
197,199,5811,199,running,0.09771940972515729,0.4951299128007024,2.2179952738507853,0.680738783780501,0.21506964200587855,0.6930824052491323,1.9843807294623956,0.7601369647944836,0.06865487719055455,0.6619534274046334,1.0292724502024226,0.4980978118785597,0.1271479763071968,0.6167219151514893,1.7438828178385346,0.6463245201511814,0.7601369647944836
250,252,5864,252,running,0.08026763441034668,0.6454227616905204,2.9723361341461043,0.8847433852695679,0.06501773730191318,0.48250818252563477,1.2104841884266246,0.4611072056163441,0.026079302113685237,0.7296844417963432,1.500031754325966,0.6023118484292046,0.0571215579419817,0.6192051286708328,1.8942840256328983,0.6493874797717055,0.8847433852695679
225,227,5839,227,running,0.057066778229995514,0.6876455528635375,2.61504052390515,0.8208930372184432,0.045380555881114164,0.7564370088346776,1.7671691451187939,0.6741608549100755,0.05461148844347687,0.33723154721653936,1.493487695817998,0.4554347534276061,0.052352940851528855,0.5937713696382514,1.958565788280647,0.6501628818520415,0.8208930372184432
227,229,5841,229,running,0.02195256813490348,0.7063321066982555,2.749333198647391,0.8411805096627418,0.17350182750008322,0.6433691981950463,1.7220225297460807,0.671152916227268,0.06004722758653729,0.4858382236831179,1.1121574939350358,0.4407856792948693,0.085167207740508,0.6118465095254733,1.8611710741095024,0.651039701728293,0.8411805096627418
276,279,5891,279,running,0.0206010910196565,0.6207997644137685,2.3302004994455396,0.722600442062478,0.178618163117047,0.3821094776022023,1.2432302353299898,0.4729371033536977,0.10726713850384666,0.7981932698463907,2.009535559484748,0.7640912752370446,0.10216213088018339,0.6003675039541205,1.8609887647534258,0.6532096068844068,0.7640912752370446
237,239,5851,239,running,0.037963380043281494,0.674988755865173,3.078656702453909,0.9009121948541636,0.033818128349979,0.7246783347766752,1.8276796996808655,0.6689345251868348,0.007497415714657185,0.42059374552002476,1.103179815094086,0.39187242751269,0.026426308035972564,0.6067536120539577,2.0031720724096203,0.6539063825178961,0.9009121948541636
234,236,5848,236,running,0.019143757199038974,0.5333614254913697,2.9339494481951105,0.8077919627151856,0.06132986164755292,0.6703705853886074,1.477276978062259,0.588135574426916,0.1476036018217262,0.5298250011666111,1.5292220698042103,0.5768158551561771,0.0760257402227727,0.5778523373488627,1.9801494986871935,0.6575811307660928,0.8077919627151856
281,284,5896,284,running,0.03426600003160763,0.6814207629055281,2.770948210846082,0.8404643473440707,0.1987728838394841,0.7076603264885188,1.3998446140102963,0.6425422069332605,0.04360108363663604,0.5540998534930862,1.295838514846396,0.49824807782116814,0.09221332250257593,0.6477269809623777,1.8222104465675912,0.6604182106994998,0.8404643473440707
189,191,5803,191,running,0.41907643675804135,0.5048384368419647,1.7085585203766822,0.7112776535153389,1.086403517529022,0.11290959771289391,0.812502672852472,0.6422257806672609,0.06599355057666177,0.5195400459985984,1.969113671269856,0.6280361728840753,0.5238245016212417,0.37909602685115235,1.4967249548330033,0.6605132023555582,0.7112776535153389
202,204,5816,204,running,0.048390847580773486,0.7529093538011823,3.04003345816476,0.9285267721857344,0.05269223216668908,0.6117259205766693,1.6373949028430275,0.593246241665949,0.04823142381192064,0.43243025316649664,1.3415173022977769,0.46056813125092233,0.049771501186461065,0.5990218425147827,2.006315221101855,0.6607803817008686,0.9285267721857344
240,242,5854,242,running,0.03237701743318323,0.6245713545042172,2.341782313689851,0.7311358115129303,0.13970711603101377,0.7556168245354937,1.6875603318566066,0.6956416425979244,0.0679148788169279,0.567294171300985,1.5826905796083355,0.5706217359688324,0.07999967076037497,0.6491607834468986,1.8706777417182643,0.6657997300265623,0.7311358115129303
288,291,5903,291,running,0.07344906696719697,0.6942566392863598,2.4954971834986854,0.8061817192011598,0.021412571386105757,0.7222128114259312,1.717363380627825,0.6409228292503798,0.022642320385360126,0.6095895309418944,1.4915196421325847,0.5511966689574188,0.03916798624622095,0.6753529938847285,1.9014600687530316,0.666100405802986,0.8061817192011598
231,233,5845,233,running,0.04092465491257897,0.6617491855177768,2.572307562907273,0.795531048753597,0.1132235393160091,0.43195076851247416,1.4259430434281426,0.5032583318170218,0.11355224731837363,0.7204923084084417,1.8664174461868448,0.7069013115280951,0.0892334805156539,0.6047307541462309,1.9548893508407534,0.6685635640329046,0.795531048753597
271,274,5886,274,running,0.050684577990596856,0.5661587995266882,2.310314053050348,0.7088001616169837,0.3214208644766339,0.7682070327287465,1.7253576737607836,0.780922693634309,0.06324530485686033,0.5211746769019293,1.423174956090934,0.5184029839217027,0.14511691577469701,0.6185135030524548,1.8196155609673552,0.6693752797243318,0.780922693634309
211,213,5825,213,running,0.04524387410926925,0.6779190339065077,2.782248404349941,0.8457148440762989,0.06191308909177255,0.5483813436481552,1.4780801228965403,0.5397337976752792,0.06400937517484029,0.7335945318142573,1.5201906047264735,0.6230796837409337,0.05705544612529403,0.6532983031229733,1.9268397106576518,0.6695094418308374,0.8457148440762989
212,214,5826,214,running,0.006598678529871994,0.555337953177454,2.8859377982426273,0.8019622123314559,0.03717396149497587,0.7392866315551329,1.7607108168449375,0.662726400589031,0.15605624740773982,0.47745296088131994,1.4558110466870393,0.5445658926530318,0.0666096291441959,0.5906925152046356,2.0341532205915347,0.6697515018578395,0.8019622123314559
285,288,5900,288,running,0.05701338856773957,0.5743465665496861,2.279566301702781,0.7084572423875265,0.04005185520017949,0.6504425490874589,1.726695425520639,0.6215368468191832,0.019963810352178726,0.7570091715225806,1.847792612589323,0.6803477152677684,0.039009684706699264,0.6605994290532419,1.9513514466042476,0.670113934824826,0.7084572423875265
274,277,5889,277,running,0.007327114374245342,0.6411326398927384,1.957883423100831,0.6509605863269599,0.25482010805624716,0.6898960674005649,1.6451382311745202,0.7069141164176289,0.13343027704829571,0.7238219742606307,1.5587223231600795,0.6546453651555866,0.1318591664929294,0.6849502271846447,1.7205813258118103,0.6708400226333917,0.7069141164176289
241,243,5855,243,running,0.006615305969493789,0.6977858902004435,2.3661943863197443,0.7549993557319237,0.07874513546231786,0.6942897398478586,1.6119889022608318,0.631611730576237,0.09597812619171579,0.7025727963824683,1.534581353878095,0.6263366398052926,0.060446189207842484,0.6982161421435902,1.8375882141528903,0.6709825753711511,0.7549993557319237
170,172,5593,172,walking,0.07913672072546823,0.10103122116381276,0.8174376196977571,0.23555470069526385,0.044942680814049465,0.18619203567504883,0.1005371868610383,0.11256132396784699,0.16940433401327867,0.06443698589618385,0.43561278196481557,0.18065908435674816,0.09782791185093213,0.1172200809116818,0.4511958628412036,0.17625836967328629,0.23555470069526385
141,143,5564,143,walking,0.08712734208732355,0.1788316334857315,0.7845703070280983,0.2632976516348417,0.13783074590496552,0.09216100291201937,0.04448208773046515,0.10089311707288699,0.047974196105900375,0.024623593088030395,0.7231860274922337,0.17367632117601906,0.0909774280327298,0.09853874316192708,0.5174128074169323,0.17928902996124924,0.2632976516348417
105,106,5527,106,walking,0.14809238528077667,0.03908090011493575,0.7653618269675486,0.22794167955179473,0.2210648731874677,0.00449352358961246,0.16415506753300124,0.12305437221743232,0.09118064910450217,0.16799694022896122,0.5470250184321921,0.21307603941982378,0.15344596919091552,0.07052378797783648,0.4921806376442473,0.18802403039635027,0.22794167955179473
33,34,5455,34,walking,0.10333643083110054,0.24350564108148723,1.0745857360245157,0.3536539759699383,0.10369702625659206,0.05344661205045638,0.5472233864568895,0.1723021326141973,0.008580984117893077,0.06477675988123967,0.2087531724037269,0.07109373208039849,0.07187148040186189,0.12057633767106109,0.6101874316283774,0.19901661355484468,0.3536539759699383
60,61,5482,61,walking,0.045267011616166544,0.09931441314320143,0.9881795223221579,0.25546847436817877,0.02347690150311691,0.03821817912982892,0.6825903441062897,0.16119610107443627,0.1143111097092968,0.21337886491427113,0.4634675654833531,0.2237695029460978,0.06101834094286009,0.1169704857291005,0.7114124773039335,0.21347802612957095,0.25546847436817877
150,152,5573,152,walking,0.10138966693952389,0.0297217313417665,0.8976827539822471,0.23198111010896558,0.24778694801094117,0.10250120320595989,0.4867554277427927,0.23746634603531896,0.2625084615861758,0.08930015487548633,0.15784890682269365,0.17229322794920357,0.2038950255122136,0.07384102980773756,0.5140956961825778,0.21391356136449605,0.23746634603531896
52,53,5474,53,walking,0.15224570289314518,0.03479212450112407,0.5526549410723482,0.18534611917217736,0.40130760418229444,0.11432453413387558,0.39152288603615926,0.2845574325336999,0.2203897694014458,0.16092097236815675,0.13690801255731475,0.17990589921930397,0.2579810254922951,0.10334587700105213,0.3603619465552741,0.21660315030839372,0.2845574325336999
174,176,5597,176,walking,0.15943540301037787,0.0021726023715199485,1.0073578135911807,0.2661147648709953,0.02932046127060185,0.4396089574565057,0.43502501473910554,0.27457677043866413,0.003951849192863143,0.0457573199349314,0.46520849300433903,0.11292536625198563,0.06423590449128096,0.1625129599209857,0.6358637737782084,0.21787230052054835,0.27457677043866413
111,112,5533,112,walking,0.022643197680774493,0.15463276076735105,0.9350027377145333,0.2579109309221569,0.20135815324636858,0.17510299348993916,0.6627391650001344,0.28313229169455,0.0565445600598125,0.09641311405608376,0.32673811024020166,0.12653069169439884,0.09351530366231853,0.14204962277112465,0.6414933376516231,0.2225246381037019,0.28313229169455
109,110,5531,110,walking,0.07259598835719437,0.2834709823343678,0.871745607606881,0.3167759097980011,0.10597756436162262,0.11821213099035884,0.9038463358831879,0.27044514531743014,0.03364941467604133,0.11674226510239945,0.12331357181275655,0.08481938627392763,0.07074098913161943,0.1728084594757087,0.6329685051009418,0.22401348046311964,0.3167759097980011
17,18,5439,18,walking,0.09008785545597588,0.17863674730176665,0.5113247948131341,0.20975480006572383,0.21681356015412703,0.16239241931749435,0.7349710941314697,0.2986766106149425,0.17327167567780274,0.07327974270917703,0.3315321235599633,0.16492699206678457,0.16005769709596854,0.138102969776146,0.5259426708348557,0.22445280091581696,0.2986766106149425
129,130,5551,130,walking,0.07265444327484477,0.07831018621271314,1.5179885682192713,0.36398356543887744,0.046633692873903544,0.14640556583719808,0.503748160255842,0.17796533553560906,0.004445269384879939,0.077568087009115,0.5683159660491008,0.14646853576741814,0.041244468511209414,0.10076127968634208,0.8633508981747381,0.22947247891396821,0.36398356543887744
34,35,5456,35,walking,0.0561063400944885,0.018105742882709098,1.1559484919723197,0.260874531585343,0.07855774215515086,0.008501108908495335,0.3770601638894997,0.11023557320335842,0.13585348048699405,0.31561092600372015,0.7264555521819025,0.3258768730326662,0.09017252091221113,0.1140725925983082,0.753154736014574,0.23232899260712253,0.3258768730326662
94,95,5516,95,walking,0.025095911722787672,0.3218437072256922,1.3099532605896533,0.4007664996973226,0.21806158383687338,0.21266325314839685,0.340783884525299,0.2404467116991679,0.08670058311677417,0.005471544763061935,0.14245756418427075,0.0653603639887886,0.10995269289214508,0.17999283504571698,0.5977315697664077,0.23552452512842637,0.4007664996973226
175,177,5598,177,walking,0.18112480274239498,0.15578361257351295,1.0993511863942844,0.3546336034052201,0.19230667621124792,0.2133229552334501,0.4785196107762461,0.2579557747331285,0.02566356990825047,0.10201112945358473,0.2755177744797298,0.10617343464068005,0.13303168295396448,0.15703923242018258,0.6177961905500867,0.23958760425967618,0.3546336034052201
114,115,5536,115,walking,0.032030465818789544,0.07569876982241262,0.7531778238257583,0.19372725902163254,0.34152545716239613,0.014548828167543028,0.23594603751228643,0.18961892163443295,0.07837446893636997,0.3980602862743231,0.7788654653689799,0.3463469951580732,0.15064346397251854,0.16276929475475957,0.5893297755690082,0.2432310586047129,0.3463469951580732
155,157,5578,157,walking,0.06883350067905018,0.21304200376783095,1.1578528581022405,0.3443207733992006,0.12823751737033168,0.2882416767458762,0.33119337212654865,0.23283035207179287,0.10718668086912857,0.17324942658375103,0.30150821143732964,0.17247608526861777,0.10141923297283682,0.22484436903248603,0.5968514805553728,0.24987573691320372,0.3443207733992006
107,108,5529,108,walking,0.049426676116034955,0.2377261926856222,0.33674373430541793,0.18220989438174645,0.3486732221344143,0.20368729864509355,0.6035034245657689,0.34164489322495695,0.022823735795639174,0.2680500870869484,0.5976066670300048,0.235870862559036,0.14030787801536282,0.2364878594725547,0.5126179419670639,0.25324188338857984,0.34164489322495695
158,160,5581,160,walking,0.030659935040067334,0.11936245454374213,1.2345819667328235,0.3069253491800885,0.01382075008791937,0.0512329533066549,0.7545797799674558,0.1769374373513209,0.3793521138995174,0.3168343301519193,0.08570173087787304,0.2956149237961493,0.1412775996758347,0.16247657933410545,0.6916211591927174,0.25982590344251955,0.3069253491800885
30,31,5452,31,walking,0.06809710626695174,0.03438439521383742,0.8308150607643398,0.20715561274518363,0.2168777486547879,0.13339799498191762,0.32275608006645656,0.20466151346797357,0.012316453324002061,0.47262507904866696,0.9835056711913674,0.39067774718734116,0.09909710274858057,0.21346915641480732,0.7123589373407212,0.26749829113349943,0.39067774718734116
5,5,5426,5,walking,0.033076516881182384,0.031790435084044735,0.6443650262236136,0.1548197860308136,0.43718324267582903,0.35332156036455725,0.7519671192563036,0.4665953450674153,0.028756811343706574,0.07155818205613353,0.7464921100323015,0.18942441936639637,0.166338856966906,0.15222339250157849,0.7142747518374062,0.27027985015487505,0.4665953450674153
183,185,5606,185,walking,0.09192683022646678,0.2198664517629714,0.4759627773648216,0.2199098682687396,0.5870662937358935,0.08922355029047754,0.730297334340154,0.4165754044785792,0.07343227645340089,0.1734936399367249,0.4676306432890661,0.19229649521386355,0.2508084668052537,0.16086121399672462,0.5579635849980139,0.2762605893203941,0.4165754044785792
27,28,5449,28,walking,0.16160757079099616,0.44550383629070384,1.1335435857375462,0.46955327998018925,0.05290145981006133,0.06235732711278475,0.16475824820689672,0.07905516441051777,0.019153581550402678,0.30369770674972063,0.8035510274934473,0.2898507208187388,0.07788753738382005,0.2705196233844031,0.7006176204792968,0.27948638840314866,0.46955327998018925
148,150,5571,150,walking,0.005865255589427252,0.09640113737901697,0.8543584896967962,0.21177825512673693,0.312505809293277,0.1412119588990143,0.5292594739492388,0.28733900206676427,0.10738714947652668,0.3509713698316504,0.7942508367108709,0.342193575065445,0.1419194047864103,0.19619482203656058,0.7259562667856354,0.2804369440863155,0.342193575065445
180,182,5603,182,walking,0.20817670156247914,0.2646040413528681,1.2798904087394476,0.4450903789140285,0.12165335343255625,0.028029078787023383,0.520119288525024,0.16389683059283666,0.07646371083600179,0.21572527715138035,0.6347366218055999,0.24382291955607283,0.13543125527701239,0.16945279909709057,0.8115821063566905,0.2842700430209793,0.4450903789140285
119,120,5541,120,walking,0.14144822920477668,0.29850922628890636,0.8754111500673516,0.35106521221094356,0.12245035270519827,0.134274020147482,0.7875022080253524,0.2601901907461426,0.11010531887412071,0.36042137940724694,0.27133561929066985,0.24247780317068104,0.12466796692803189,0.2644015419478784,0.6447496591277914,0.2845777353759224,0.35106521221094356
89,90,5511,90,walking,0.21306942477206553,0.2269235701600382,1.6241836695631673,0.500833931885475,0.038333094847871126,0.48195765986300937,0.22959377191247735,0.2540350562668477,0.13866764327364978,0.034643157757183046,0.16606494672469305,0.10253730975727174,0.13002338763119548,0.24784146259341022,0.6732807960667793,0.2858020993031981,0.500833931885475
113,114,5535,114,walking,0.09585470972508729,0.20064533660558165,1.3187573007728215,0.3823514786868319,0.09593802208852287,0.13186697847514037,0.49115627783316157,0.1893532557920976,0.07305474933661545,0.37156371845096253,0.6604970848909806,0.30994680409322733,0.08828249371674186,0.23469201117722815,0.8234702211656545,0.29388384619071894,0.3823514786868319
97,98,5519,98,walking,0.12992028643687567,0.03672666599353151,1.25051167011261,0.3167611149946849,0.03736612682298916,0.2833227767207758,0.8180581210105402,0.2918871856196141,0.14098593519955147,0.40068783023493076,0.29907196420964205,0.27648389901572135,0.1027574494864721,0.240245757649746,0.789213918444264,0.2950440665433401,0.3167611149946849
40,41,5462,41,walking,0.1083567242214188,0.020694173263668524,1.0926922165466189,0.2701588023033587,0.26376417481783526,0.15913499906225112,0.3790911609686694,0.24497790174576844,0.1366556801851964,0.38218250570681267,0.9269430213326577,0.3929238786233352,0.1695921930748168,0.18733722601091077,0.7995754662826485,0.30268686089082075,0.3929238786233352
49,50,5471,50,walking,0.004084408747083024,0.017897746906206324,0.9920382898605289,0.20720052023342153,0.3480150176007965,0.42561460454681277,1.1682151724514276,0.5430948833493293,0.15802423280614022,0.05838955358694524,0.40975779249467925,0.16851707305617006,0.1700412197180066,0.16730063501332146,0.8566704182688786,0.30627082554630697,0.5430948833493293
56,57,5478,57,walking,0.005244027676334519,0.2634483075910998,0.5802048585748159,0.22351790582193692,0.5124736884764605,0.6517764748538218,0.5509484683390844,0.5758897589999299,0.04776392650345097,0.06534669191940978,0.44764342731323786,0.13477293283179187,0.1884938808854153,0.3268571581214438,0.5262655847423794,0.3113935325512195,0.5758897589999299
135,136,5557,136,walking,0.2306244061361971,0.1961780855123946,1.293984669575588,0.42951793057455434,0.22156135934464477,0.19236093125444773,0.9338577559653751,0.3523404674327121,0.13319387839120975,0.05632631217732141,0.42127769940039705,0.16006361610749187,0.19512654795735054,0.1482884429813879,0.8830400416471201,0.31397400470491943,0.42951793057455434
38,39,5460,39,walking,0.05303961671421219,0.22976415326904556,1.2370776342048808,0.3605370348342793,0.03730724716104593,0.17275394565870666,0.6705911618327768,0.2181427094944564,0.007835196189604992,0.4660492273087197,0.9146392555584661,0.3724816205110231,0.032727353354954365,0.289522442078824,0.9407693505320412,0.3170537882799196,0.3724816205110231
43,44,5465,44,walking,0.03231038722727034,0.2084669537014431,1.0750914923350017,0.31132923483848574,0.366691842954257,0.625011922714862,0.5418752918529153,0.5050565646382306,0.20282178182960678,0.023021482001277738,0.24649945022917835,0.1396371955781895,0.20060800400371137,0.28550011947252757,0.6211554114723651,0.3186743316849686,0.5050565646382306
162,164,5585,164,walking,0.14229997461385066,0.20871593181056156,1.3527914864001886,0.4109646598498026,0.14222765015117053,0.3645294411429044,0.18169317820976516,0.23904147215958302,0.19314276573071845,0.2588067371583856,0.6857409112873267,0.317927983413107,0.15922346349857988,0.27735070337061724,0.7400751919657601,0.3226447051408309,0.4109646598498026
101,102,5523,102,walking,0.06594903105413999,0.24310265512733187,0.8754343377960314,0.29870754203179506,0.5845281667353814,0.11555556456247962,0.38072885023920167,0.3561792625669848,0.0825479806612094,0.3106264371079759,0.8073078633878179,0.3187313397852377,0.2443417261502436,0.22309488559926247,0.6878236838076837,0.3245393814613392,0.3561792625669848
64,65,5486,65,walking,0.10282539030615713,0.07730194464535772,0.9990612318817998,0.2718631803569659,0.17882103521016338,0.03873867661722245,0.3810232613355883,0.163228536998072,0.05590920472065871,0.6790626268846252,1.2545296512172865,0.5448946628855709,0.11251854341232641,0.26503441604906847,0.8782047148115583,0.3266621267468697,0.5448946628855709
80,81,5502,81,walking,0.14342628070990815,0.05032614237970576,0.9137277474506293,0.2602465187259715,0.3917913632249354,0.20089488045427709,0.5502650574298208,0.3471275089576492,0.05594737582453866,0.40011345940392196,1.0362359347139916,0.38967152103418257,0.19705500658646072,0.2171114940793016,0.8334095798648139,0.3323485162392677,0.38967152103418257
57,58,5479,58,walking,0.18830350060996257,0.2291052885222853,0.965784163851487,0.36012034842319657,0.2204616231001993,0.6510953258365073,0.6225222446740311,0.4731272285094889,0.05014945007241841,0.17265609451306616,0.3826584000128052,0.16565389783675488,0.15297152459419341,0.3509522362906196,0.6569882695127744,0.33296715825648016,0.4731272285094889
66,67,5488,67,walking,0.11022547750927957,0.3314075385723855,1.3824061909328504,0.45313444461923613,0.1186868693278386,0.006722633655254623,0.6315651886279765,0.1764768389188326,0.10449274850468483,0.35724490111873997,0.9256750583648681,0.3698300715223436,0.11113503178060101,0.23179169111546002,0.9798821459752317,0.3331471183534708,0.45313444461923613
152,154,5575,154,walking,0.07724509823725419,0.16950364907582596,1.3167296492535137,0.3620454287759348,0.49618928147865843,0.29720055949580565,1.0747215071239986,0.5323002378145854,0.08718372865389751,0.08685138832283694,0.3250167386933466,0.1346173945293631,0.22020603612327005,0.18451853229815618,0.905489298356953,0.3429876870399611,0.5323002378145854
77,78,5499,78,walking,0.13899244309326225,0.21263236298783286,0.519332699450968,0.2445164623226317,0.08367453669679575,0.6126640911760003,0.6287340468373794,0.4042822605165943,0.08315236518268324,0.43172609068683737,0.8880124493562889,0.383553872219066,0.1019397816575804,0.4190075149502235,0.6786930652148788,0.3441175316860973,0.4042822605165943
12,12,5433,12,walking,0.047448340930866195,0.01954640091145442,0.3097155039754657,0.08874099753202139,0.6861032540779036,0.6320625462206492,0.40454572654632204,0.6081754654286856,0.19165126167494678,0.20577093445021524,0.882441360374977,0.3354571505250602,0.3084009522279056,0.28579329386077296,0.5322341969655883,0.3441245378285891,0.6081754654286856
36,37,5458,37,walking,0.1193158944619113,0.2782570616952305,1.5327739329173649,0.46558396904632976,0.3284614086151123,0.38726073961991525,0.27581283954473657,0.34145142720295835,0.11823443204257929,0.23172074612405233,0.45863928204419846,0.23170992767549237,0.18867057837320098,0.299079515813066,0.7557420181687666,0.34624844130826016,0.46558396904632976
136,137,5558,137,walking,0.01911951675725623,0.4015685100665038,1.7091845488639625,0.5101121205022965,0.0989703647252442,0.18190967561542132,0.6404013227725376,0.24043228069077371,0.2649754519133191,0.19610764635236638,0.586662114450806,0.3017656621964354,0.1276884444652732,0.2598619440114305,0.9787493286957686,0.35077002112983524,0.5101121205022965
181,183,5604,183,walking,0.13186010240036763,0.23402108380823963,0.08221170048654813,0.16279481458075254,0.545642922622989,0.40505557509785156,1.259954469372528,0.6322702929628419,0.2602169151979548,0.37932018469308165,0.02833415806748476,0.2614816715699116,0.3125733134071038,0.3394656145330576,0.45683344264218695,0.35218225970450195,0.6322702929628419
73,74,5495,74,walking,0.08029488837646863,0.19074157649470916,0.7433765021062666,0.2570898863697244,0.3229752782902686,0.6943210480259915,1.1714290933671339,0.6412043491999309,0.128872837858333,0.1498822119177841,0.25631258005879903,0.16276453592220663,0.17738100150835676,0.3449816121461616,0.7237060585107331,0.35368625716395397,0.6412043491999309
84,85,5506,85,walking,0.18307061163568686,0.24358925800549655,0.9336495456017053,0.3573938569768145,0.20311366406497577,0.28002375245883765,1.0879926788096397,0.41085350237145335,0.11544744361584125,0.31047371539630386,0.6232524427928422,0.2950189521634265,0.16721057310550128,0.2780289086202127,0.8816315557347291,0.3544221038372314,0.41085350237145335
88,89,5510,89,walking,0.0041183356444040985,0.32246269120110405,0.7971042580074735,0.29005326233969797,0.13009238470319318,0.38753669989024486,1.3224467605563768,0.4715409859486506,0.05895840599337507,0.30395716237852166,0.7869495094034594,0.30255612922945063,0.06438970878032411,0.3379855178232902,0.9688335093224366,0.3547167925059331,0.4715409859486506
53,54,5475,54,walking,0.10747190040323232,0.23326890297534755,1.3261108879551227,0.4015184989424565,0.015330352074241044,0.23346733084376556,0.7659924685584832,0.2527175668788993,0.05436350901921589,0.4029059606493661,1.1666849892714928,0.4162447857217314,0.05905525383222975,0.28988073148949306,1.0862627819283663,0.3568269505143624,0.4162447857217314
11,11,5432,11,walking,0.061670796635250255,0.6125979814678431,1.9296424608263707,0.6556360034065115,0.5188603203251676,0.23950265488534597,0.3637693270197454,0.37609905548815453,0.01039119776433859,0.03631840760891254,0.16331079372992885,0.05134600089528622,0.19697410490825215,0.2961396813207005,0.8189075271920151,0.3610270199299841,0.6556360034065115
103,104,5525,104,walking,0.05423566128592938,0.08246167656034228,0.9011165769770743,0.23490225053392355,0.643611640831746,0.5826381608980512,1.3970724823278022,0.7699144171574794,0.06876653631189171,0.02251912058416888,0.21719070099319623,0.07995240295706349,0.25553794614318903,0.22920631934752078,0.8384599200993575,0.36158969021615545,0.7699144171574794
123,124,5545,124,walking,0.04067951837374318,0.3636425464384017,0.9276658931086142,0.34726200454658085,0.594487940637689,0.06153550900911039,0.8436922370341787,0.4311478272655555,0.39169400855898856,0.31376441568136215,0.13070698305964484,0.3083247663080693,0.34228715585680686,0.2463141570429581,0.6340217044008126,0.36224486604006856,0.4311478272655555
100,101,5522,101,walking,0.10718213436208739,0.17243243797032395,0.9508940529593319,0.30202463952483094,0.4188578496376673,0.44473206996917725,1.223174206945631,0.5900708092318641,0.21859952238385347,0.09627312209613885,0.3453605595530043,0.1950211697025978,0.24821316879453606,0.23781254334521332,0.8398096064859891,0.3623722061530976,0.5900708092318641
29,30,5451,30,walking,0.13463194704385778,0.21183922299051774,1.0888258082643927,0.35635362966662876,0.18671542541163502,0.2797546954060411,1.1444134678448903,0.4154707418960485,0.2361979830961723,0.21792929435705208,0.6872262300608996,0.3190961569934697,0.18584845185055507,0.236507737584537,0.9734885020567275,0.36364017618538236,0.4154707418960485
48,49,5470,49,walking,0.04182531703330282,0.23463331328498,0.6618950443883096,0.24296246100497507,0.37052735982956236,0.39886068677098974,0.9072000067595501,0.4891952199921309,0.16969613167974681,0.2924922594317684,0.9106318522382666,0.3670017268922594,0.194016269514204,0.3086620864959127,0.8265756344620421,0.36638646929645513,0.4891952199921309
110,111,5532,111,walking,0.008443108322669049,0.3554243222385847,1.413558311202899,0.4282586344650813,0.15637150578579662,0.03039912046012227,0.5200490009986748,0.17871805069810254,0.059962671457744046,0.5274948780653906,1.3017720413989706,0.495337428089048,0.07492576185540323,0.3044394402546992,1.0784597845335149,0.36743803775074396,0.495337428089048
166,168,5589,168,walking,0.13556239596638547,0.1480728468572001,1.121412036903351,0.3377365045101044,0.5991573236157408,0.6286768744477128,0.5361491589419609,0.5983635110137736,0.1720093363159339,0.10058603409402239,0.32676653808336165,0.17439145578065485,0.3022430186326867,0.29244525179964515,0.6614425779762244,0.37016382376817764,0.5983635110137736
161,163,5584,163,walking,0.054543802121869565,0.1800826118916881,1.2722344585016472,0.34829745730575257,0.17128208379692106,0.242310092520358,1.2931876467235053,0.4240743998716127,0.1425799369405154,0.3872473671167783,0.6495441910349875,0.341839759829915,0.122801940953102,0.26988002384294146,1.0716554320867133,0.37140387233576005,0.4240743998716127
142,144,5565,144,walking,0.07880156876081489,0.28340922978769734,0.462387320529892,0.2373617835253833,0.2908492445945739,0.3866477851514463,1.1902648574224224,0.5090517833828926,0.038874287672929074,0.3740813806653023,1.0508817183343988,0.37535861100217227,0.13617503367610595,0.34804613186814864,0.9011779654289045,0.37392405930348277,0.5090517833828926
32,33,5454,33,walking,0.10182626656790221,0.11768360239755206,1.3495480140333074,0.3577135503928432,0.26377733589874375,0.4087427407503129,0.617961536679003,0.3926003379954233,0.20770418572993504,0.3504156668980916,0.7444570583010477,0.37213935271142023,0.19110259606552701,0.2922806700153189,0.9039888696711195,0.3741510803665623,0.3926003379954233
79,80,5501,80,walking,0.07778079092266069,0.19497895808446974,0.5867455052951026,0.2264530006618727,0.1682375190933118,1.0406562367647778,1.3398099150708924,0.7515194853574143,0.09350959112904719,0.06660201928473464,0.4033276943970989,0.14471018304493252,0.11317596704833989,0.4340790713779941,0.7766277049210313,0.37422755635473987,0.7515194853574143
156,158,5579,158,walking,0.13089922512692168,0.32552819038794295,0.658528905573899,0.31427674732072564,0.018279281744347793,0.5830325397625893,0.8164401232933682,0.4038127532614485,0.24096431421196976,0.5002238269178023,0.5478833447331968,0.40605192539854823,0.1300476070277464,0.46959485235611154,0.674284124533488,0.3747138086602408,0.40605192539854823
153,155,5576,155,walking,0.08081122561673489,0.2137712634299412,0.9185834108305372,0.3015496777847779,0.2074247053691319,1.0141187979250539,1.1078395590490224,0.7101853131274789,0.010267111526821254,0.10812084992184162,0.38935275655557683,0.1252257358905805,0.09950101417089602,0.4453369704256122,0.8052585754783789,0.3789869089342791,0.7101853131274789
128,129,5550,129,walking,0.057671028663677786,0.1794363716721092,1.5840905279918231,0.41166106573267947,0.17623659564276875,0.8275214706437063,0.6631776932942665,0.5341387651734433,0.09249298145342906,0.196469783782959,0.4120530373540824,0.1979957135653717,0.10880020191995854,0.4011425420329248,0.8864404195467239,0.38126518149049815,0.5341387651734433
122,123,5544,123,walking,0.14035077711951408,0.11858993188880294,0.9307259084649586,0.28972146529631854,0.46654604925476945,0.6132110335920873,0.4766343366287942,0.5272297004645016,0.05267530282983532,0.35012112383718613,0.835208032812391,0.3281601772292868,0.21985737640137296,0.36064069643935875,0.7475227593020479,0.38170378099670227,0.5272297004645016
164,166,5587,166,walking,0.03807804674284229,0.318528936497836,1.1870763102335908,0.38005805534298953,0.6873896913450273,0.05762176337789319,0.8793228131825808,0.47386914452568435,0.08772827837973425,0.27854915596034424,0.7234206260883645,0.2911950989537043,0.27106533882253464,0.21823328527869115,0.9299399165015121,0.38170743294079273,0.47386914452568435
127,128,5549,128,walking,0.033860169696908464,0.30532021763958517,0.365295029893706,0.20873116091333865,0.33775607140167896,0.3908544312352719,1.048382930651955,0.5011207871851714,0.2343460968856154,0.38727663508776955,0.9388919238386484,0.43642747755708367,0.20198744599473428,0.36115042798754216,0.7841899614614366,0.38209314188519794,0.5011207871851714
70,71,5492,71,walking,0.08704864841992738,0.33563236330376295,1.3498075899530628,0.43903392268008873,0.3192385900568204,0.017770003935473455,0.7891142675817645,0.2926262911132705,0.0777002136072805,0.43696048951918076,1.0729801481769932,0.4204603108859832,0.1613291506946761,0.26345428558613904,1.0706340019039402,0.38404017489311415,0.43903392268008873
137,138,5559,138,walking,0.016069673986966945,0.42890967219329074,1.6390816367362158,0.5058080658193462,0.20074032310746673,0.08579134533547941,0.6286270248244631,0.24033807234207108,0.20919225336913774,0.5216590766619918,0.637524170086796,0.41984536602981104,0.14200075015452382,0.345453364730254,0.9684109438824917,0.38866383473040944,0.5058080658193462
167,169,5590,169,walking,0.091816767765623,0.09353547708855743,1.9257658537891176,0.4592940686994957,0.03638551401356274,0.43209037421637503,0.8513185748495318,0.35765407026188145,0.019021993190605452,0.38544783718097286,0.9379618760221493,0.3493803073530612,0.04907475832326374,0.30369122949530175,1.2383487682202663,0.3887761487714795,0.4592940686994957
26,27,5448,27,walking,0.09344634068947212,0.40159537044225957,1.3251950703415216,0.46305569852099704,0.49329733438789847,0.012499582022428533,0.6052934452891349,0.3233774556219578,0.09489792000572636,0.3977477528014273,0.9173772879366604,0.3805337267101936,0.227213865027699,0.27061423508870514,0.9492886011891056,0.3889889602843828,0.46305569852099704
131,132,5553,132,walking,0.013343221488803502,0.7248522107002667,0.793510794149014,0.45398033170543095,0.08577989075930065,0.4113662543187615,1.1215265711755242,0.42316377226632973,0.24071498530011784,0.18874706013101938,0.6037622933656398,0.29253727684558284,0.11327936584940733,0.4416551750500159,0.8395998862300593,0.38989379360578114,0.45398033170543095
54,55,5476,55,walking,0.11907424733572797,0.3178534649106354,1.8206154386045434,0.538894172619454,0.18579432217856687,0.7032109976566928,0.8012356923581674,0.5158492664057374,0.10642955716735765,0.02414603342062489,0.3147632318521557,0.11518288260562416,0.13709937556055082,0.348403498662651,0.9788714542716223,0.3899754405436052,0.538894172619454
108,109,5530,109,walking,0.16528358457445289,0.12529078713890654,0.5776562658296962,0.231761001851283,0.627188424507301,0.5978370597976409,0.6833323004716884,0.6266766538163144,0.2682522068040296,0.2654972063955114,0.5726593143017866,0.3280316281401737,0.3535747386285945,0.3295416844440196,0.6112159602010571,0.39548976126925706,0.6266766538163144
98,99,5520,99,walking,0.1518290115200825,0.4799840151016682,1.6749845418969957,0.5877221190280995,0.1915817803675586,0.09657638261813935,0.5234411878160911,0.2199515027574974,0.19547912915970417,0.2611844488914976,1.0026181941336774,0.38318907004721625,0.1796299736824484,0.2792482822037684,1.0670146412822545,0.39695423061093765,0.5877221190280995
18,19,5440,19,walking,0.03656383204287377,0.048578782358031425,0.772889388644177,0.1886349234891975,0.12382441334877148,0.5806671351300439,0.7400086392711488,0.4297983472457559,0.025635167249018636,0.6506497263908386,1.580762738668466,0.5866665051896361,0.062007804213554625,0.4266318812929713,1.0312202555279306,0.40169992530819654,0.5866665051896361
16,17,5438,17,walking,0.08798424263863028,0.4769628849452673,1.6564820170809387,0.5572752544497468,0.4443869629665703,0.014347720706431717,0.4239836710240137,0.2682906076740036,0.09964803825690137,0.439969465956333,0.821609559182596,0.380168913521813,0.2106730812873673,0.3104266905360107,0.9673584157625162,0.40191159188185444,0.5572752544497468
95,96,5517,96,walking,0.07117009523414795,0.32885602597267394,1.5605757274935321,0.4721255939814352,0.047969937714096786,0.4562092949362362,1.13698417844336,0.4290685287488052,0.1129624448739425,0.25349971752283407,0.8108964228848798,0.30876414953568665,0.07736749260739574,0.34618834614391475,1.1694854429405908,0.4033194240886424,0.4721255939814352
92,93,5514,93,walking,0.14752965489355457,0.013898173300158122,0.8856436545107543,0.24169986217963596,0.5165176656173199,0.39915153901187744,1.1168000463928496,0.5896276911302489,0.11059866881207803,0.43714967766719465,0.8038341881065239,0.3798661762130139,0.25821532977431755,0.2833997966597434,0.935425963003376,0.40373124317429965,0.5896276911302489
147,149,5570,149,walking,0.042204630781303744,0.09001655470241199,0.8653282338922675,0.22595412097193981,0.38879462769983236,1.0217826827563377,1.1351640332382893,0.7912637308301259,0.2314418193094338,0.12005643829514707,0.2763210535049439,0.19586351374282113,0.22081369259685665,0.4106185585846322,0.7589377735451669,0.40436045518162894,0.7912637308301259
14,14,5435,14,walking,0.07475823758665574,0.11475614232754489,0.7861989430331309,0.23304554057230645,0.7569748980027659,0.6399283802469171,0.7734095865628535,0.713443228612444,0.03870613788658718,0.32843765372750144,0.6000008721771478,0.26685769108106505,0.29014642449200295,0.36104072543398785,0.7198698005910441,0.40444882008860517,0.713443228612444
104,105,5526,105,walking,0.08947299587680567,0.30257278289573997,1.7450224046081189,0.505822792430642,0.22760383422439992,0.21177464406847377,0.6282885066936942,0.30140909265588833,0.26196862557064127,0.3128940364382914,0.8854267076151261,0.4070304063265983,0.1930151518906156,0.2757471544675017,1.086245872972313,0.40475409713770955,0.505822792430642
168,170,5591,170,walking,0.06634402769729804,0.2269893404853789,1.3030681056105746,0.3779469683951857,0.13543726424224503,0.6337178135646208,1.4518336576359872,0.5980287626499439,0.06157629326033822,0.1196356593987566,0.8676542714477734,0.24601563535319262,0.08778586173329377,0.3267809378162521,1.207518678231445,0.40733045546610736,0.5980287626499439
176,178,5599,178,walking,0.024378204718232155,0.03949818784190762,0.4029982839861223,0.10615021382128038,0.3439435004274507,1.2194892510600472,1.2678798916696132,0.8789490789289218,0.026708929517370097,0.23466825524059878,0.6994076396432685,0.24443240183184123,0.13167687822101765,0.4978852313808512,0.7900952717663348,0.4098438981940145,0.8789490789289218
146,148,5569,148,walking,0.10688909645110495,0.6993987510393853,1.3191088043994983,0.5863368998760958,0.36295298346899507,0.055485640253339547,0.6188637842809347,0.2911482063451208,0.03994697583349128,0.40547550979413477,0.8730827030382657,0.35278553485870356,0.16992968525119712,0.3867866336956199,0.9370184305728996,0.4100902136933067,0.5863368998760958
130,131,5552,131,walking,0.1045121762842413,0.5399838014254494,0.9018544961535742,0.4381692903145912,0.12659478309701702,0.9858656603781903,1.2252536982786462,0.6900349170458122,0.06584227949089647,0.08710399745729923,0.3352124209512717,0.12822099496953263,0.09898307962405158,0.5376511530869796,0.820773538461164,0.4188084007766453,0.6900349170458122
58,59,5480,59,walking,0.12794995757322464,0.5767767171538065,1.7034570411557244,0.6225820781219573,0.5693149848780392,0.043943036509596765,1.0784086572087332,0.46098493999680107,0.14846026505086019,0.2079842969880883,0.20457255755755924,0.18349233632709125,0.281908402500708,0.2762346835504972,0.9954794186406724,0.42235311814861654,0.6225820781219573
71,72,5493,72,walking,0.16767857671757927,0.08339831174588669,0.8864930127960404,0.27772935794459447,0.05025380289293008,1.1403146014318197,2.0335622327081087,0.8829398082715216,0.0263036479934668,0.014138834598736886,0.4919340327764169,0.11456379959216487,0.08141200920132538,0.4126172492588145,1.1373297594268552,0.42507765526942703,0.8829398082715216
149,151,5572,151,walking,0.08766850350158555,0.802276265940496,2.251094598003796,0.8061968273775918,0.1632470220228366,0.19158205439482018,1.0432901596310131,0.35058966249326534,0.046374538734601366,0.026648953972217126,0.4554840669543382,0.12030621047359503,0.09909668808634116,0.34016909143584445,1.249956274863049,0.42569756678148407,0.8061968273775918
9,9,5430,9,walking,0.04501747610590383,0.41246057839671596,1.5542970142022376,0.4938506246414955,0.290612174756825,0.169571977108717,0.9546021502465011,0.37499409079551704,0.2134115795057917,0.3894331511997041,0.8429976478455559,0.4097374218513095,0.18301374345617352,0.3238219022350457,1.1172989374314315,0.42619404576277403,0.4938506246414955
145,147,5568,147,walking,0.12941850516087838,0.3437720023438522,1.316553892949635,0.45258698159181926,0.5940143585205078,0.7748502974814558,0.9915161680667959,0.7458490960141446,0.11094929921231146,0.03467372950592597,0.12870559657191893,0.08399033080167877,0.2781273876312325,0.384432009777078,0.81225855252945,0.4274754694692142,0.7458490960141446
139,141,5562,141,walking,0.056723885583978166,0.14610329308087308,1.2843056650604374,0.337992004478028,0.49869538543155656,0.5243187608051693,0.5186236306963635,0.5129303846339631,0.13579976051181986,0.4528481493825498,0.9880567646544912,0.4330705168886461,0.2304063438424515,0.3744234010895307,0.930328686803764,0.42799763533354573,0.5129303846339631
